epoch,train_mse,val_mse,val_model_cove,val_teacher_cove,val_baseload_cove,val_model_improvement_vs_baseload_pct
0,11973.360255821079,11432.791015625,83.01764832609085,6.8806414472978945,11.178137793443247,-642.6786989044496
1,7143.786908318015,3397.4075846354167,10.194049220759652,6.8806414472978945,11.178137793443247,8.803689763610096
2,2527.5047966452207,2400.2208170572917,8.505751543777894,6.8806414472978945,11.178137793443247,23.907258069701847
