{
  "method": "rolling_horizon_gurobi_mip",
  "hours": 385572.0,
  "horizon_hours": 168.0,
  "step_hours": 24.0,
  "terminal_policy": "equal-initial",
  "storage_type": "caes",
  "storage_rating": 100.0,
  "storage_duration": 24.0,
  "storage_capacity": 2400.0,
  "rated_grid_capacity": 249.0,
  "num_windows": 16066.0,
  "gurobi_runtime_seconds_sum": 102.59081506729126,
  "gurobi_runtime_seconds_mean": 0.006385585401922772,
  "generation_revenue": 33083484.545170747,
  "baseload_revenue": 29772906.501203924,
  "gurobi_revenue": 43998502.10198094,
  "wind_cost_c_ntg": 42559080.0,
  "dispatch_cost_c": 51896025.0,
  "ntg_profit_sum_gi_pi_minus_c_ntg": -9475595.454829253,
  "baseload_profit_sum_di_pi_minus_c": -22123118.498796076,
  "gurobi_profit_sum_di_pi_minus_c": -7897522.8980190605,
  "ntg_cove": 1.286414674424385,
  "baseload_cove": 1.7430621023816228,
  "gurobi_cove": 1.1794952673551014,
  "gurobi_improvement_vs_baseload_pct": 32.331999775366306,
  "paper_cove_nn_improvement_pct": 32.3,
  "gurobi_minus_paper_cove_nn_pct_points": 0.031999775366308825,
  "final_soc": 931.6713636363635,
  "max_soc": 2400.0,
  "max_wind_only_violation": 5.151434834260726e-12,
  "max_delivered_definition_violation": 4.973799150320701e-13,
  "max_grid_violation": 0.0,
  "max_charge_mode_violation": 0.0,
  "max_discharge_mode_violation": 0.0,
  "max_available_energy_violation": 8.526512829121202e-13,
  "max_soc_update_violation": 1.8189894035458565e-12,
  "max_soc_lower_violation": 0.0,
  "max_soc_upper_violation": 0.0
}