hour_index,datetime,horizon_hours,execution_step_hours,actual_generation_mw,forecast_generation_mw,actual_price,forecast_price,planned_direct_mw,planned_charge_mw,planned_discharge_mw,realized_direct_mw,realized_charge_mw,realized_discharge_mw,realized_delivered_mw,realized_curtailment_mw,soc_start_mwh,soc_end_mwh,mode_charge_binary,solver_objective,solver_runtime_seconds,solver_status,used_baseload_gate
297988,2014-01-01 00:00:00,48,24,233.728,226.42464091434076,0.6338418228151279,0.6707429663713042,249.0,0.0,0.0,233.728,0.0,0.0,233.728,0.0,600.0,600.0,1.0,4451.7847818265345,0.008162975311279297,2,0.0
297989,2014-01-01 01:00:00,48,24,234.865,217.70689661611243,0.4034051595587312,0.7330700008073467,249.0,0.0,0.0,234.865,0.0,0.0,234.865,0.0,600.0,600.0,0.0,4451.7847818265345,0.008162975311279297,2,0.0
297990,2014-01-01 02:00:00,48,24,234.757,209.35923327892482,1.0920435919798503,0.7412839400946086,249.0,0.0,0.0,234.757,0.0,0.0,234.757,0.0,600.0,600.0,0.0,4451.7847818265345,0.008162975311279297,2,0.0
297991,2014-01-01 03:00:00,48,24,234.974,198.30580618595587,0.3778472609288514,0.6902790536958074,249.0,0.0,0.0,234.974,0.0,0.0,234.974,0.0,600.0,600.0,1.0,4451.7847818265345,0.008162975311279297,2,0.0
297992,2014-01-01 04:00:00,48,24,234.63,185.93199184105094,0.33640843806321574,0.6725400106831385,249.0,0.0,0.0,234.63,0.0,0.0,234.63,0.0,600.0,600.0,1.0,4451.7847818265345,0.008162975311279297,2,0.0
297993,2014-01-01 05:00:00,48,24,233.969,174.50249454394543,0.9019177607087925,0.7948041521566537,249.0,0.0,0.0,233.969,0.0,0.0,233.969,0.0,600.0,600.0,0.0,4451.7847818265345,0.008162975311279297,2,0.0
297994,2014-01-01 06:00:00,48,24,233.65,162.69093532792465,0.8779627964877553,0.7921286175003985,237.69093532792465,0.0,0.0,233.65,0.0,0.0,233.65,0.0,600.0,600.0,1.0,4451.7847818265345,0.008162975311279297,2,0.0
297995,2014-01-01 07:00:00,48,24,234.341,152.65795415661026,0.32471295367277125,0.654047384873138,227.65795415661026,0.0,0.0,227.65795415661026,0.0,0.0,227.65795415661026,6.683045843389749,600.0,600.0,0.0,4451.7847818265345,0.008162975311279297,2,0.0
297996,2014-01-01 08:00:00,48,24,233.96,143.17013522485405,0.321774240589893,0.8677116558774602,218.17013522485405,0.0,0.0,218.17013522485405,0.0,0.0,218.17013522485405,15.789864775145958,600.0,600.0,0.0,4451.7847818265345,0.008162975311279297,2,0.0
297997,2014-01-01 09:00:00,48,24,222.297,135.31607075071008,1.1670253015490448,0.7141878679192504,210.31607075071008,0.0,0.0,210.31607075071008,0.0,0.0,210.31607075071008,11.980929249289915,600.0,600.0,0.0,4451.7847818265345,0.008162975311279297,2,0.0
297998,2014-01-01 10:00:00,48,24,198.914,129.24572780785758,0.842668555522683,0.8544275216976003,204.24572780785758,0.0,0.0,198.914,0.0,0.0,198.914,0.0,600.0,600.0,0.0,4451.7847818265345,0.008162975311279297,2,0.0
297999,2014-01-01 11:00:00,48,24,201.568,124.4144612840657,1.7853127238042927,0.888253688768015,199.41446128406568,0.0,0.0,199.41446128406568,0.0,0.0,199.41446128406568,2.1535387159343315,600.0,600.0,0.0,4451.7847818265345,0.008162975311279297,2,0.0
298000,2014-01-01 12:00:00,48,24,214.83,118.1221064731063,0.5889596593675339,0.986008647082276,193.1221064731063,0.0,0.0,193.1221064731063,0.0,0.0,193.1221064731063,21.707893526893713,600.0,600.0,0.0,4451.7847818265345,0.008162975311279297,2,0.0
298001,2014-01-01 13:00:00,48,24,196.933,113.10471056096954,0.22452955312010617,1.0596053600264925,188.10471056096952,0.0,55.0,188.10471056096952,0.0,55.0,243.10471056096952,8.82828943903047,600.0,500.0,0.0,4451.7847818265345,0.008162975311279297,2,0.0
298002,2014-01-01 14:00:00,48,24,167.938,108.64918682630419,0.9040312594108221,1.0536538716657755,183.64918682630417,0.0,0.0,167.938,0.0,0.0,167.938,0.0,500.0,500.0,0.0,4451.7847818265345,0.008162975311279297,2,0.0
298003,2014-01-01 15:00:00,48,24,115.261,106.27975286578653,0.5883362959863175,1.0245566040941196,181.27975286578652,0.0,0.0,115.261,0.0,0.0,115.261,0.0,500.0,500.0,0.0,4451.7847818265345,0.008162975311279297,2,0.0
298004,2014-01-01 16:00:00,48,24,102.374,106.19542199126258,1.0325272310589337,0.8131704459445542,181.19542199126258,0.0,0.0,102.374,0.0,0.0,102.374,0.0,500.0,500.0,0.0,4451.7847818265345,0.008162975311279297,2,0.0
298005,2014-01-01 17:00:00,48,24,47.77,109.27427572869804,0.511721968037746,0.880444235739854,184.27427572869806,0.0,0.0,47.77,0.0,0.0,47.77,0.0,500.0,500.0,0.0,4451.7847818265345,0.008162975311279297,2,0.0
298006,2014-01-01 18:00:00,48,24,222.201,113.55230865897329,0.4541350652015475,0.8842434287623671,188.5523086589733,0.0,0.0,188.5523086589733,0.0,0.0,188.5523086589733,33.648691341026705,500.0,500.0,0.0,4451.7847818265345,0.008162975311279297,2,0.0
298007,2014-01-01 19:00:00,48,24,234.84,117.18652901750178,0.632387308258956,0.7425545042474262,192.18652901750178,0.0,0.0,192.18652901750178,0.0,0.0,192.18652901750178,42.65347098249822,500.0,500.0,0.0,4451.7847818265345,0.008162975311279297,2,0.0
298008,2014-01-01 20:00:00,48,24,234.968,121.35962457066533,0.6586279382111206,0.7722574837362451,196.35962457066535,0.0,0.0,196.35962457066535,0.0,0.0,196.35962457066535,38.60837542933464,500.0,500.0,0.0,4451.7847818265345,0.008162975311279297,2,0.0
298009,2014-01-01 21:00:00,48,24,234.825,125.88594542698067,1.806137170825154,0.5788332563376701,100.88594542698067,100.0,0.0,100.88594542698067,100.0,0.0,100.88594542698067,33.93905457301932,500.0,600.0,1.0,4451.7847818265345,0.008162975311279297,2,0.0
298010,2014-01-01 22:00:00,48,24,234.979,125.91179309806301,1.3419438063772364,0.8459578749427379,200.91179309806301,0.0,0.0,200.91179309806301,0.0,0.0,200.91179309806301,34.067206901937,600.0,600.0,0.0,4451.7847818265345,0.008162975311279297,2,0.0
298011,2014-01-01 23:00:00,48,24,234.413,128.0205849384921,1.9038111341765112,0.7686989368878402,203.0205849384921,0.0,0.0,203.0205849384921,0.0,0.0,203.0205849384921,31.392415061507904,600.0,600.0,0.0,4451.7847818265345,0.008162975311279297,2,0.0
298012,2014-01-02 00:00:00,48,24,215.003,225.33978096777898,1.2079298129450666,1.439535698468689,249.0,0.0,0.0,215.003,0.0,0.0,215.003,0.0,600.0,600.0,0.0,6621.733211406305,0.001558065414428711,2,0.0
298013,2014-01-02 01:00:00,48,24,204.668,214.41908257694996,0.9221325446425304,1.3809116989392005,249.0,0.0,0.0,204.668,0.0,0.0,204.668,0.0,600.0,600.0,1.0,6621.733211406305,0.001558065414428711,2,0.0
298014,2014-01-02 02:00:00,48,24,188.827,205.6618791501369,0.5532795267855183,1.3181023042982993,249.0,0.0,0.0,188.827,0.0,0.0,188.827,0.0,600.0,600.0,0.0,6621.733211406305,0.001558065414428711,2,0.0
298015,2014-01-02 03:00:00,48,24,180.726,193.77084412459217,1.736893927295919,1.256645471545157,249.0,0.0,0.0,180.726,0.0,0.0,180.726,0.0,600.0,600.0,0.0,6621.733211406305,0.001558065414428711,2,0.0
298016,2014-01-02 04:00:00,48,24,128.481,181.3359378059893,0.36018529846104824,1.288118814770298,249.0,0.0,0.0,128.481,0.0,0.0,128.481,0.0,600.0,600.0,0.0,6621.733211406305,0.001558065414428711,2,0.0
298017,2014-01-02 05:00:00,48,24,100.107,167.52876384530595,0.18190337143310564,1.2836916462454089,242.52876384530595,0.0,0.0,100.107,0.0,0.0,100.107,0.0,600.0,600.0,0.0,6621.733211406305,0.001558065414428711,2,0.0
298018,2014-01-02 06:00:00,48,24,71.27,156.6268177397905,0.42721170392709795,1.4398360838436253,231.6268177397905,0.0,0.0,71.27,0.0,0.0,71.27,0.0,600.0,600.0,1.0,6621.733211406305,0.001558065414428711,2,0.0
298019,2014-01-02 07:00:00,48,24,45.237,146.10587849338287,1.8389516585594528,1.2719067618761202,221.10587849338287,0.0,0.0,45.237,0.0,0.0,45.237,0.0,600.0,600.0,0.0,6621.733211406305,0.001558065414428711,2,0.0
298020,2014-01-02 08:00:00,48,24,20.499,137.72788058255125,1.5459411854171252,1.425718326719591,212.72788058255125,0.0,0.0,20.499,0.0,0.0,20.499,0.0,600.0,600.0,0.0,6621.733211406305,0.001558065414428711,2,0.0
298021,2014-01-02 09:00:00,48,24,9.342,131.09338814603663,0.4832253563249879,1.317462775078936,206.09338814603663,0.0,0.0,9.342,0.0,0.0,9.342,0.0,600.0,600.0,0.0,6621.733211406305,0.001558065414428711,2,0.0
298022,2014-01-02 10:00:00,48,24,15.186,127.54376728813192,0.8171700248338714,1.3042999441179994,202.5437672881319,0.0,0.0,15.186,0.0,0.0,15.186,0.0,600.0,600.0,0.0,6621.733211406305,0.001558065414428711,2,0.0
298023,2014-01-02 11:00:00,48,24,14.691,121.35907502601646,0.7516278178945281,1.4514894449149915,149.0,0.0,100.0,14.691,0.0,100.0,114.691,0.0,600.0,418.1818181818182,0.0,6621.733211406305,0.001558065414428711,2,0.0
298024,2014-01-02 12:00:00,48,24,6.271,117.14186529889966,0.7628186747858924,1.4479542211815717,189.85152840087488,0.0,59.148471599125116,6.271,0.0,59.148471599125116,65.41947159912512,0.0,418.1818181818182,310.63914254704525,0.0,6621.733211406305,0.001558065414428711,2,0.0
298025,2014-01-02 13:00:00,48,24,0.134,114.49044042185949,0.5314024405018697,1.4435309012105582,189.4904404218595,0.0,0.0,0.134,0.0,0.0,0.134,0.0,310.63914254704525,310.63914254704525,0.0,6621.733211406305,0.001558065414428711,2,0.0
298026,2014-01-02 14:00:00,48,24,0.0,109.28487784575331,0.13954434548091213,1.4416378990410728,184.28487784575333,0.0,0.0,0.0,0.0,0.0,0.0,0.0,310.63914254704525,310.63914254704525,0.0,6621.733211406305,0.001558065414428711,2,0.0
298027,2014-01-02 15:00:00,48,24,0.0,107.03944923991818,0.8372660728854727,1.447800099049361,182.03944923991818,0.0,0.0,0.0,0.0,0.0,0.0,0.0,310.63914254704525,310.63914254704525,0.0,6621.733211406305,0.001558065414428711,2,0.0
298028,2014-01-02 16:00:00,48,24,0.0,107.80129524827097,0.649514959257145,1.3117380791161475,182.80129524827097,0.0,0.0,0.0,0.0,0.0,0.0,0.0,310.63914254704525,310.63914254704525,0.0,6621.733211406305,0.001558065414428711,2,0.0
298029,2014-01-02 17:00:00,48,24,0.0,110.49497385430173,0.7162742089883876,1.1002375322058757,185.49497385430175,0.0,0.0,0.0,0.0,0.0,0.0,0.0,310.63914254704525,310.63914254704525,0.0,6621.733211406305,0.001558065414428711,2,0.0
298030,2014-01-02 18:00:00,48,24,0.095,113.9091680923689,0.5514094366418684,1.1724994047036492,188.9091680923689,0.0,0.0,0.095,0.0,0.0,0.095,0.0,310.63914254704525,310.63914254704525,0.0,6621.733211406305,0.001558065414428711,2,0.0
298031,2014-01-02 19:00:00,48,24,5.544,116.94017320937223,0.714968114284886,1.0640988257966069,191.94017320937223,0.0,0.0,5.544,0.0,0.0,5.544,0.0,310.63914254704525,310.63914254704525,0.0,6621.733211406305,0.001558065414428711,2,0.0
298032,2014-01-02 20:00:00,48,24,21.587,120.99475387056188,-0.0460877893277491,1.0392809372428244,195.99475387056188,0.0,0.0,21.587,0.0,0.0,21.587,0.0,310.63914254704525,310.63914254704525,0.0,6621.733211406305,0.001558065414428711,2,0.0
298033,2014-01-02 21:00:00,48,24,29.551,128.2049382491839,0.728236849113639,0.7755457494940229,103.2049382491839,100.0,0.0,0.0,29.551,0.0,0.0,0.0,310.63914254704525,340.19014254704524,1.0,6621.733211406305,0.001558065414428711,2,0.0
298034,2014-01-02 22:00:00,48,24,48.553,131.09471872596322,0.6621603307046813,1.0454872625159168,206.09471872596322,0.0,0.0,48.553,0.0,0.0,48.553,0.0,340.19014254704524,340.19014254704524,0.0,6621.733211406305,0.001558065414428711,2,0.0
298035,2014-01-02 23:00:00,48,24,68.351,134.9572680339611,0.6829391100785674,0.9327188266155791,209.9572680339611,0.0,0.0,68.351,0.0,0.0,68.351,0.0,340.19014254704524,340.19014254704524,0.0,6621.733211406305,0.001558065414428711,2,0.0
298036,2014-01-03 00:00:00,48,24,98.397,76.44960288115665,0.6352963373713001,0.6805061114969744,151.44960288115664,0.0,0.0,98.397,0.0,0.0,98.397,0.0,340.19014254704524,340.19014254704524,0.0,3351.4486155572067,0.0013840198516845703,2,0.0
298037,2014-01-03 01:00:00,48,24,170.321,80.27196512974768,0.505212044961378,0.6702340449350395,155.27196512974768,0.0,0.0,155.27196512974768,0.0,0.0,155.27196512974768,15.049034870252314,340.19014254704524,340.19014254704524,0.0,3351.4486155572067,0.0013840198516845703,2,0.0
298038,2014-01-03 02:00:00,48,24,195.829,81.12654160187245,0.12989705505732216,0.7257927283095097,156.12654160187245,0.0,0.0,156.12654160187245,0.0,0.0,156.12654160187245,39.70245839812756,340.19014254704524,340.19014254704524,0.0,3351.4486155572067,0.0013840198516845703,2,0.0
298039,2014-01-03 03:00:00,48,24,202.666,77.77415772221833,1.1838815562452076,0.677537054762927,152.77415772221832,0.0,0.0,152.77415772221832,0.0,0.0,152.77415772221832,49.89184227778168,340.19014254704524,340.19014254704524,0.0,3351.4486155572067,0.0013840198516845703,2,0.0
298040,2014-01-03 04:00:00,48,24,202.582,73.25623741494488,0.5677949883767044,0.6908194618161486,148.25623741494488,0.0,0.0,148.25623741494488,0.0,0.0,148.25623741494488,54.32576258505512,340.19014254704524,340.19014254704524,0.0,3351.4486155572067,0.0013840198516845703,2,0.0
298041,2014-01-03 05:00:00,48,24,201.763,65.81988909252394,0.531966435942018,0.7519623041573991,140.81988909252394,0.0,0.0,140.81988909252394,0.0,0.0,140.81988909252394,60.94311090747607,340.19014254704524,340.19014254704524,0.0,3351.4486155572067,0.0013840198516845703,2,0.0
298042,2014-01-03 06:00:00,48,24,210.979,62.14935793859216,0.574473881746882,0.7876793333061581,137.14935793859217,0.0,0.0,137.14935793859217,0.0,0.0,137.14935793859217,73.82964206140784,340.19014254704524,340.19014254704524,0.0,3351.4486155572067,0.0013840198516845703,2,0.0
298043,2014-01-03 07:00:00,48,24,222.371,59.38536703295141,0.659429405415542,0.6951540515823422,134.38536703295142,0.0,0.0,134.38536703295142,0.0,0.0,134.38536703295142,87.98563296704859,340.19014254704524,340.19014254704524,0.0,3351.4486155572067,0.0013840198516845703,2,0.0
298044,2014-01-03 08:00:00,48,24,222.571,56.88455002123894,0.8152405667491537,0.7803189888221262,131.88455002123894,0.0,0.0,131.88455002123894,0.0,0.0,131.88455002123894,90.68644997876106,340.19014254704524,340.19014254704524,0.0,3351.4486155572067,0.0013840198516845703,2,0.0
298045,2014-01-03 09:00:00,48,24,189.334,55.98062378554715,0.6721044608336124,0.6806298899744503,130.98062378554715,0.0,0.0,130.98062378554715,0.0,0.0,130.98062378554715,58.35337621445285,340.19014254704524,340.19014254704524,0.0,3351.4486155572067,0.0013840198516845703,2,0.0
298046,2014-01-03 10:00:00,48,24,213.469,55.352789295472206,0.7100405751762218,0.7806227845167253,130.3527892954722,0.0,0.0,130.3527892954722,0.0,0.0,130.3527892954722,83.11621070452779,340.19014254704524,340.19014254704524,0.0,3351.4486155572067,0.0013840198516845703,2,0.0
298047,2014-01-03 11:00:00,48,24,233.308,55.34633990116708,1.164205324348303,0.8758691651141282,130.34633990116708,0.0,0.0,130.34633990116708,0.0,0.0,130.34633990116708,102.96166009883291,340.19014254704524,340.19014254704524,0.0,3351.4486155572067,0.0013840198516845703,2,0.0
298048,2014-01-03 12:00:00,48,24,235.104,56.01312764623695,0.6766609503106005,0.9020026309144804,131.01312764623697,0.0,0.0,131.01312764623697,0.0,0.0,131.01312764623697,104.09087235376305,340.19014254704524,340.19014254704524,0.0,3351.4486155572067,0.0013840198516845703,2,0.0
298049,2014-01-03 13:00:00,48,24,235.183,56.21186526815228,-0.030247965974271318,1.0225251509997961,131.21186526815228,0.0,0.0,131.21186526815228,0.0,0.0,131.21186526815228,103.97113473184771,340.19014254704524,340.19014254704524,0.0,3351.4486155572067,0.0013840198516845703,2,0.0
298050,2014-01-03 14:00:00,48,24,235.187,57.537605092239424,0.5550011970764974,1.0691340002214795,132.53760509223943,0.0,0.0,132.53760509223943,0.0,0.0,132.53760509223943,102.64939490776058,340.19014254704524,340.19014254704524,0.0,3351.4486155572067,0.0013840198516845703,2,0.0
298051,2014-01-03 15:00:00,48,24,235.187,60.344621893600284,0.10494425274986861,1.0191930719487798,135.34462189360028,0.0,0.0,135.34462189360028,0.0,0.0,135.34462189360028,99.84237810639974,340.19014254704524,340.19014254704524,0.0,3351.4486155572067,0.0013840198516845703,2,0.0
298052,2014-01-03 16:00:00,48,24,235.186,63.22320280789738,0.744384929084202,0.8538074095865025,138.2232028078974,0.0,0.0,138.2232028078974,0.0,0.0,138.2232028078974,96.96279719210261,340.19014254704524,340.19014254704524,0.0,3351.4486155572067,0.0013840198516845703,2,0.0
298053,2014-01-03 17:00:00,48,24,235.165,69.60463286121077,0.318123112214196,0.8859811918903305,144.60463286121077,0.0,0.0,144.60463286121077,0.0,0.0,144.60463286121077,90.56036713878922,340.19014254704524,340.19014254704524,0.0,3351.4486155572067,0.0013840198516845703,2,0.0
298054,2014-01-03 18:00:00,48,24,235.181,76.88402226902275,0.19665630478856472,0.8681521000213707,151.88402226902275,0.0,0.0,151.88402226902275,0.0,0.0,151.88402226902275,83.29697773097726,340.19014254704524,340.19014254704524,0.0,3351.4486155572067,0.0013840198516845703,2,0.0
298055,2014-01-03 19:00:00,48,24,2.405,84.10284326087157,0.6804388064066549,0.7930514988326075,159.10284326087157,0.0,0.0,2.405,0.0,0.0,2.405,0.0,340.19014254704524,340.19014254704524,0.0,3351.4486155572067,0.0013840198516845703,2,0.0
298056,2014-01-03 20:00:00,48,24,2.405,92.79667770870756,0.5357956681409197,0.8273072593850721,167.79667770870756,0.0,0.0,2.405,0.0,0.0,2.405,0.0,340.19014254704524,340.19014254704524,0.0,3351.4486155572067,0.0013840198516845703,2,0.0
298057,2014-01-03 21:00:00,48,24,2.405,103.43824121986009,0.9789476642448418,0.6619252570595872,178.4382412198601,0.0,0.0,2.405,0.0,0.0,2.405,0.0,340.19014254704524,340.19014254704524,0.0,3351.4486155572067,0.0013840198516845703,2,0.0
298058,2014-01-03 22:00:00,48,24,2.405,110.54603602406998,0.8518112184471929,0.881914684249614,185.54603602406996,0.0,0.0,2.405,0.0,0.0,2.405,0.0,340.19014254704524,340.19014254704524,0.0,3351.4486155572067,0.0013840198516845703,2,0.0
298059,2014-01-03 23:00:00,48,24,2.405,116.66992158312111,0.8837511707419093,0.8447708872453605,191.6699215831211,0.0,0.0,2.405,0.0,0.0,2.405,0.0,340.19014254704524,340.19014254704524,0.0,3351.4486155572067,0.0013840198516845703,2,0.0
298060,2014-01-04 00:00:00,48,24,2.405,10.885250833084186,0.6567578480674711,0.8057550897704259,85.88525083308419,0.0,0.0,2.405,0.0,0.0,2.405,0.0,340.19014254704524,340.19014254704524,0.0,3369.342196852738,0.0016798973083496094,2,0.0
298061,2014-01-04 01:00:00,48,24,2.405,23.722159784907177,0.6296381159110265,0.7751253903394112,98.72215978490718,0.0,0.0,2.405,0.0,0.0,2.405,0.0,340.19014254704524,340.19014254704524,0.0,3369.342196852738,0.0016798973083496094,2,0.0
298062,2014-01-04 02:00:00,48,24,214.024,33.66809638824502,0.007777200279940219,0.7987371198903719,108.66809638824502,0.0,0.0,108.66809638824502,0.0,0.0,108.66809638824502,105.35590361175498,340.19014254704524,340.19014254704524,0.0,3369.342196852738,0.0016798973083496094,2,0.0
298063,2014-01-04 03:00:00,48,24,214.043,41.11050215006722,0.8963371742483777,0.7604489784238044,116.11050215006722,0.0,0.0,116.11050215006722,0.0,0.0,116.11050215006722,97.93249784993279,340.19014254704524,340.19014254704524,0.0,3369.342196852738,0.0016798973083496094,2,0.0
298064,2014-01-04 04:00:00,48,24,214.019,45.675671501752205,-0.14138475165402775,0.7901787487702968,120.6756715017522,0.0,0.0,120.6756715017522,0.0,0.0,120.6756715017522,93.3433284982478,340.19014254704524,340.19014254704524,0.0,3369.342196852738,0.0016798973083496094,2,0.0
298065,2014-01-04 05:00:00,48,24,214.077,48.45005554847565,0.006352369694302316,0.8130217593326301,123.45005554847566,0.0,0.0,123.45005554847566,0.0,0.0,123.45005554847566,90.62694445152434,340.19014254704524,340.19014254704524,0.0,3369.342196852738,0.0016798973083496094,2,0.0
298066,2014-01-04 06:00:00,48,24,214.142,52.78498305574666,-0.09620574850109258,0.9019425572371481,127.78498305574666,0.0,0.0,127.78498305574666,0.0,0.0,127.78498305574666,86.35701694425333,340.19014254704524,340.19014254704524,0.0,3369.342196852738,0.0016798973083496094,2,0.0
298067,2014-01-04 07:00:00,48,24,214.174,57.351063665233625,0.8515737466829199,0.7773116297204921,132.35106366523362,0.0,0.0,132.35106366523362,0.0,0.0,132.35106366523362,81.82293633476638,340.19014254704524,340.19014254704524,0.0,3369.342196852738,0.0016798973083496094,2,0.0
298068,2014-01-04 08:00:00,48,24,213.948,60.900663789710364,0.725773079559307,0.887413105128761,135.90066378971036,0.0,0.0,135.90066378971036,0.0,0.0,135.90066378971036,78.04733621028964,340.19014254704524,340.19014254704524,0.0,3369.342196852738,0.0016798973083496094,2,0.0
298069,2014-01-04 09:00:00,48,24,206.141,60.694791504681845,0.7053801918023643,0.7688710582056016,135.69479150468186,0.0,0.0,135.69479150468186,0.0,0.0,135.69479150468186,70.44620849531813,340.19014254704524,340.19014254704524,0.0,3369.342196852738,0.0016798973083496094,2,0.0
298070,2014-01-04 10:00:00,48,24,202.224,60.542349587451376,0.7113763538502572,0.7944565196016368,135.54234958745138,0.0,0.0,135.54234958745138,0.0,0.0,135.54234958745138,66.6816504125486,340.19014254704524,340.19014254704524,0.0,3369.342196852738,0.0016798973083496094,2,0.0
298071,2014-01-04 11:00:00,48,24,196.638,62.45947795749757,1.4677536070302446,0.9520831522940268,137.45947795749757,0.0,0.0,137.45947795749757,0.0,0.0,137.45947795749757,59.178522042502436,340.19014254704524,340.19014254704524,0.0,3369.342196852738,0.0016798973083496094,2,0.0
298072,2014-01-04 12:00:00,48,24,186.793,61.637196376369545,0.48862783896219836,0.9447694813549274,136.63719637636956,0.0,0.0,136.63719637636956,0.0,0.0,136.63719637636956,50.15580362363045,340.19014254704524,340.19014254704524,0.0,3369.342196852738,0.0016798973083496094,2,0.0
298073,2014-01-04 13:00:00,48,24,200.522,62.3668909368417,0.5466006334153406,1.0862342100449047,137.36689093684168,0.0,0.0,137.36689093684168,0.0,0.0,137.36689093684168,63.15510906315831,340.19014254704524,340.19014254704524,0.0,3369.342196852738,0.0016798973083496094,2,0.0
298074,2014-01-04 14:00:00,48,24,195.613,62.08812104138313,0.6303094303215674,1.142090654624285,137.08812104138315,0.0,0.0,137.08812104138315,0.0,0.0,137.08812104138315,58.52487895861685,340.19014254704524,340.19014254704524,0.0,3369.342196852738,0.0016798973083496094,2,0.0
298075,2014-01-04 15:00:00,48,24,183.407,65.51237902423091,0.5591272689807405,1.0647974804462113,140.5123790242309,0.0,0.0,140.5123790242309,0.0,0.0,140.5123790242309,42.8946209757691,340.19014254704524,340.19014254704524,0.0,3369.342196852738,0.0016798973083496094,2,0.0
298076,2014-01-04 16:00:00,48,24,153.464,68.46257638115304,0.7599393296440823,0.9005239158619791,143.46257638115304,0.0,0.0,143.46257638115304,0.0,0.0,143.46257638115304,10.001423618846957,340.19014254704524,340.19014254704524,0.0,3369.342196852738,0.0016798973083496094,2,0.0
298077,2014-01-04 17:00:00,48,24,101.384,71.10996416108267,0.5550605650175656,0.9091897773364721,146.10996416108267,0.0,0.0,101.384,0.0,0.0,101.384,0.0,340.19014254704524,340.19014254704524,0.0,3369.342196852738,0.0016798973083496094,2,0.0
298078,2014-01-04 18:00:00,48,24,59.572,73.86938501805639,0.5304822374153118,0.9450596439792156,148.8693850180564,0.0,0.0,59.572,0.0,0.0,59.572,0.0,340.19014254704524,340.19014254704524,0.0,3369.342196852738,0.0016798973083496094,2,0.0
298079,2014-01-04 19:00:00,48,24,113.259,73.90328378011924,0.5482332517947173,0.8334091770537422,148.90328378011924,0.0,0.0,113.259,0.0,0.0,113.259,0.0,340.19014254704524,340.19014254704524,0.0,3369.342196852738,0.0016798973083496094,2,0.0
298080,2014-01-04 20:00:00,48,24,184.062,76.78515756724224,0.5577618063361707,0.868153980617521,151.78515756724224,0.0,0.0,151.78515756724224,0.0,0.0,151.78515756724224,32.276842432757775,340.19014254704524,340.19014254704524,0.0,3369.342196852738,0.0016798973083496094,2,0.0
298081,2014-01-04 21:00:00,48,24,207.161,80.60611873020666,1.0866707933131738,0.6584275804633608,155.60611873020667,0.0,0.0,155.60611873020667,0.0,0.0,155.60611873020667,51.55488126979333,340.19014254704524,340.19014254704524,0.0,3369.342196852738,0.0016798973083496094,2,0.0
298082,2014-01-04 22:00:00,48,24,221.154,85.37102997212907,1.081030838911691,0.8786214961927294,160.37102997212907,0.0,0.0,160.37102997212907,0.0,0.0,160.37102997212907,60.78297002787093,340.19014254704524,340.19014254704524,0.0,3369.342196852738,0.0016798973083496094,2,0.0
298083,2014-01-04 23:00:00,48,24,223.197,89.92257807064922,1.6786582176751883,0.8786830261817511,164.92257807064922,0.0,0.0,164.92257807064922,0.0,0.0,164.92257807064922,58.27442192935078,340.19014254704524,340.19014254704524,0.0,3369.342196852738,0.0016798973083496094,2,0.0
298084,2014-01-05 00:00:00,48,24,189.016,225.08604662719978,0.8920626824914638,1.1876480383496002,249.0,0.0,0.0,189.016,0.0,0.0,189.016,0.0,340.19014254704524,340.19014254704524,0.0,6853.534598179219,0.002009153366088867,2,0.0
298085,2014-01-05 01:00:00,48,24,205.585,228.1074647722338,0.685966875073048,1.2444267232301163,249.0,0.0,0.0,205.585,0.0,0.0,205.585,0.0,340.19014254704524,340.19014254704524,1.0,6853.534598179219,0.002009153366088867,2,0.0
298086,2014-01-05 02:00:00,48,24,222.961,227.42110042801977,0.45173066358828357,1.0939757351272004,249.0,0.0,0.0,222.961,0.0,0.0,222.961,0.0,340.19014254704524,340.19014254704524,1.0,6853.534598179219,0.002009153366088867,2,0.0
298087,2014-01-05 03:00:00,48,24,27.491,224.1264557807081,1.0303306172394087,1.0503905554005348,249.0,0.0,0.0,27.491,0.0,0.0,27.491,0.0,340.19014254704524,340.19014254704524,0.0,6853.534598179219,0.002009153366088867,2,0.0
298088,2014-01-05 04:00:00,48,24,25.968,218.37397463325306,0.533895894026736,1.081891105259726,249.0,0.0,0.0,25.968,0.0,0.0,25.968,0.0,340.19014254704524,340.19014254704524,0.0,6853.534598179219,0.002009153366088867,2,0.0
298089,2014-01-05 05:00:00,48,24,28.394,210.76251590997376,0.5339552619678042,1.0872824056876742,249.0,0.0,0.0,28.394,0.0,0.0,28.394,0.0,340.19014254704524,340.19014254704524,0.0,6853.534598179219,0.002009153366088867,2,0.0
298090,2014-01-05 06:00:00,48,24,27.866,200.03749460593292,0.44036170287371446,1.2525334201978224,249.0,0.0,0.0,27.866,0.0,0.0,27.866,0.0,340.19014254704524,340.19014254704524,1.0,6853.534598179219,0.002009153366088867,2,0.0
298091,2014-01-05 07:00:00,48,24,163.961,188.01947550693498,0.9413677575486419,1.0131219600752914,249.0,0.0,0.0,163.961,0.0,0.0,163.961,0.0,340.19014254704524,340.19014254704524,0.0,6853.534598179219,0.002009153366088867,2,0.0
298092,2014-01-05 08:00:00,48,24,114.221,176.17264054416506,0.9861015011435655,1.281636496911872,249.0,0.0,0.0,114.221,0.0,0.0,114.221,0.0,340.19014254704524,340.19014254704524,0.0,6853.534598179219,0.002009153366088867,2,0.0
298093,2014-01-05 09:00:00,48,24,167.069,164.49671833478777,0.556841603249613,1.0712204585351732,239.49671833478777,0.0,0.0,167.069,0.0,0.0,167.069,0.0,340.19014254704524,340.19014254704524,0.0,6853.534598179219,0.002009153366088867,2,0.0
298094,2014-01-05 10:00:00,48,24,189.646,152.14379096981284,0.6554517533639694,1.1051274203823382,227.14379096981284,0.0,0.0,189.646,0.0,0.0,189.646,0.0,340.19014254704524,340.19014254704524,0.0,6853.534598179219,0.002009153366088867,2,0.0
298095,2014-01-05 11:00:00,48,24,157.987,145.35712464121903,17.300589810520762,1.2441875423756397,220.35712464121903,0.0,0.0,157.987,0.0,0.0,157.987,0.0,340.19014254704524,340.19014254704524,0.0,6853.534598179219,0.002009153366088867,2,0.0
298096,2014-01-05 12:00:00,48,24,131.037,136.4683918304408,0.8681077182704267,1.1581550710579356,211.4683918304408,0.0,0.0,131.037,0.0,0.0,131.037,0.0,340.19014254704524,340.19014254704524,0.0,6853.534598179219,0.002009153366088867,2,0.0
298097,2014-01-05 13:00:00,48,24,109.294,129.32936010710839,0.16219321499844797,1.3362685182893836,171.89542159912511,0.0,77.10457840087489,109.294,0.0,77.10457840087489,186.3985784008749,0.0,340.19014254704524,200.0,0.0,6853.534598179219,0.002009153366088867,2,0.0
298098,2014-01-05 14:00:00,48,24,92.722,123.13482292838661,0.5958760245019846,1.3143756781745353,198.1348229283866,0.0,0.0,92.722,0.0,0.0,92.722,0.0,200.0,200.0,0.0,6853.534598179219,0.002009153366088867,2,0.0
298099,2014-01-05 15:00:00,48,24,73.413,118.22194548997885,0.6189107856364642,1.2549329128524922,193.22194548997885,0.0,0.0,73.413,0.0,0.0,73.413,0.0,200.0,200.0,0.0,6853.534598179219,0.002009153366088867,2,0.0
298100,2014-01-05 16:00:00,48,24,65.331,115.96195938810618,0.7084970087084473,1.1219553529049013,190.96195938810618,0.0,0.0,65.331,0.0,0.0,65.331,0.0,200.0,200.0,0.0,6853.534598179219,0.002009153366088867,2,0.0
298101,2014-01-05 17:00:00,48,24,62.15,114.36080785556805,0.8381862759720308,1.0175841938250187,189.36080785556805,0.0,0.0,62.15,0.0,0.0,62.15,0.0,200.0,200.0,0.0,6853.534598179219,0.002009153366088867,2,0.0
298102,2014-01-05 18:00:00,48,24,50.928,115.80791619429525,0.26163451628776,0.99438871873829,190.80791619429525,0.0,0.0,50.928,0.0,0.0,50.928,0.0,200.0,200.0,0.0,6853.534598179219,0.002009153366088867,2,0.0
298103,2014-01-05 19:00:00,48,24,62.522,124.20351762324087,0.6103618021226365,0.9211015375846483,199.20351762324088,0.0,0.0,62.522,0.0,0.0,62.522,0.0,200.0,200.0,0.0,6853.534598179219,0.002009153366088867,2,0.0
298104,2014-01-05 20:00:00,48,24,72.762,134.00689641933073,0.5951339252386316,0.9572173673948438,209.00689641933073,0.0,0.0,72.762,0.0,0.0,72.762,0.0,200.0,200.0,0.0,6853.534598179219,0.002009153366088867,2,0.0
298105,2014-01-05 21:00:00,48,24,101.236,144.3462482260252,9.396615229223407,0.7165825938854933,219.3462482260252,0.0,0.0,101.236,0.0,0.0,101.236,0.0,200.0,200.0,0.0,6853.534598179219,0.002009153366088867,2,0.0
298106,2014-01-05 22:00:00,48,24,134.405,151.74028002501475,0.7033023138649758,0.9383475040410281,226.74028002501475,0.0,0.0,134.405,0.0,0.0,134.405,0.0,200.0,200.0,0.0,6853.534598179219,0.002009153366088867,2,0.0
298107,2014-01-05 23:00:00,48,24,194.962,157.00590279359852,0.6995621335776765,0.9361297071195358,232.00590279359852,0.0,0.0,194.962,0.0,0.0,194.962,0.0,200.0,200.0,0.0,6853.534598179219,0.002009153366088867,2,0.0
298108,2014-01-06 00:00:00,48,24,202.611,203.1706222739669,0.8791501553091203,1.6530795660076183,178.1706222739669,100.0,0.0,102.61099999999999,100.0,0.0,102.61099999999999,0.0,200.0,300.0,1.0,8846.45816467337,0.001809835433959961,2,0.0
298109,2014-01-06 01:00:00,48,24,193.096,201.90350302064888,0.6931207119717715,1.8341776531013991,249.0,0.0,0.0,193.096,0.0,0.0,193.096,0.0,300.0,300.0,0.0,8846.45816467337,0.001809835433959961,2,0.0
298110,2014-01-06 02:00:00,48,24,178.722,197.31630990834776,0.288914085208619,2.5574141690590757,249.0,0.0,0.0,178.722,0.0,0.0,178.722,0.0,300.0,300.0,0.0,8846.45816467337,0.001809835433959961,2,0.0
298111,2014-01-06 03:00:00,48,24,142.037,188.34923686664683,1.106410633718366,2.121553657977196,249.0,0.0,0.0,142.037,0.0,0.0,142.037,0.0,300.0,300.0,1.0,8846.45816467337,0.001809835433959961,2,0.0
298112,2014-01-06 04:00:00,48,24,88.114,177.87920597121848,0.08195744264471355,3.0841529877703424,194.0,0.0,55.0,88.114,0.0,55.0,143.114,0.0,300.0,200.0,0.0,8846.45816467337,0.001809835433959961,2,0.0
298113,2014-01-06 05:00:00,48,24,72.171,166.38120723973623,0.13443870254904297,1.9024185094451518,241.38120723973623,0.0,0.0,72.171,0.0,0.0,72.171,0.0,200.0,200.0,1.0,8846.45816467337,0.001809835433959961,2,0.0
298114,2014-01-06 06:00:00,48,24,31.249,157.4182287801839,0.2295758281109071,2.540574304938456,232.4182287801839,0.0,0.0,31.249,0.0,0.0,31.249,0.0,200.0,200.0,0.0,8846.45816467337,0.001809835433959961,2,0.0
298115,2014-01-06 07:00:00,48,24,11.84,150.0578351144248,0.7559319936219758,2.398911161176387,225.0578351144248,0.0,0.0,11.84,0.0,0.0,11.84,0.0,200.0,200.0,0.0,8846.45816467337,0.001809835433959961,2,0.0
298116,2014-01-06 08:00:00,48,24,0.115,143.60696029219406,1.0140044334456408,1.7751481550195123,218.60696029219406,0.0,0.0,0.115,0.0,0.0,0.115,0.0,200.0,200.0,0.0,8846.45816467337,0.001809835433959961,2,0.0
298117,2014-01-06 09:00:00,48,24,0.0,137.69965564392152,0.6656333552571736,2.5519308349197405,212.69965564392152,0.0,0.0,0.0,0.0,0.0,0.0,0.0,200.0,200.0,0.0,8846.45816467337,0.001809835433959961,2,0.0
298118,2014-01-06 10:00:00,48,24,0.0,133.53190056342464,0.013120314976082355,1.8671791284372279,208.53190056342464,0.0,0.0,0.0,0.0,0.0,0.0,0.0,200.0,200.0,0.0,8846.45816467337,0.001809835433959961,2,0.0
298119,2014-01-06 11:00:00,48,24,0.0,129.8258842743164,0.4375120417024386,2.5035521136129875,204.8258842743164,0.0,0.0,0.0,0.0,0.0,0.0,0.0,200.0,200.0,0.0,8846.45816467337,0.001809835433959961,2,0.0
298120,2014-01-06 12:00:00,48,24,0.0,126.4257510697285,0.022144242018455745,2.3611562957141166,201.4257510697285,0.0,0.0,0.0,0.0,0.0,0.0,0.0,200.0,200.0,0.0,8846.45816467337,0.001809835433959961,2,0.0
298121,2014-01-06 13:00:00,48,24,0.0,121.69290959067946,-0.030455753768010175,2.2642148206411044,196.69290959067945,0.0,0.0,0.0,0.0,0.0,0.0,0.0,200.0,200.0,0.0,8846.45816467337,0.001809835433959961,2,0.0
298122,2014-01-06 14:00:00,48,24,0.003,116.25995980033852,-0.04859265976435932,2.1916447028321464,191.25995980033852,0.0,0.0,0.003,0.0,0.0,0.003,0.0,200.0,200.0,0.0,8846.45816467337,0.001809835433959961,2,0.0
298123,2014-01-06 15:00:00,48,24,0.143,113.04023783352163,0.025320426865606902,2.1299574932723124,188.04023783352164,0.0,0.0,0.143,0.0,0.0,0.143,0.0,200.0,200.0,0.0,8846.45816467337,0.001809835433959961,2,0.0
298124,2014-01-06 16:00:00,48,24,1.427,112.4035953422613,0.009825394246794707,1.7597252821179306,187.4035953422613,0.0,0.0,1.427,0.0,0.0,1.427,0.0,200.0,200.0,0.0,8846.45816467337,0.001809835433959961,2,0.0
298125,2014-01-06 17:00:00,48,24,13.607,113.48581857696693,0.38972084914250055,1.2158442649695433,88.48581857696693,100.0,0.0,0.0,13.607,0.0,0.0,0.0,200.0,213.607,1.0,8846.45816467337,0.001809835433959961,2,0.0
298126,2014-01-06 18:00:00,48,24,18.703,116.3726567831431,0.2782278558163347,2.582879307017319,191.3726567831431,0.0,55.0,18.703,0.0,7.483850000000031,26.18685000000003,0.0,213.607,199.99999999999994,0.0,8846.45816467337,0.001809835433959961,2,0.0
298127,2014-01-06 19:00:00,48,24,34.446,122.17663309926157,0.01864153349542923,0.9875009795659206,197.17663309926155,0.0,0.0,34.446,0.0,0.0,34.446,0.0,199.99999999999994,199.99999999999994,0.0,8846.45816467337,0.001809835433959961,2,0.0
298128,2014-01-06 20:00:00,48,24,55.431,128.4783363293477,-0.05699322342551611,0.9793382160374204,203.4783363293477,0.0,0.0,55.431,0.0,0.0,55.431,0.0,199.99999999999994,199.99999999999994,0.0,8846.45816467337,0.001809835433959961,2,0.0
298129,2014-01-06 21:00:00,48,24,70.597,136.23718958124806,0.028823135388633413,0.3162513442051142,111.23718958124806,100.0,0.0,0.0,70.597,0.0,0.0,0.0,199.99999999999994,270.5969999999999,1.0,8846.45816467337,0.001809835433959961,2,0.0
298130,2014-01-06 22:00:00,48,24,88.082,142.8724803219887,0.011250224832432609,0.712887398848637,217.8724803219887,0.0,0.0,88.082,0.0,0.0,88.082,0.0,270.5969999999999,270.5969999999999,0.0,8846.45816467337,0.001809835433959961,2,0.0
298131,2014-01-06 23:00:00,48,24,109.354,148.2708993855301,0.01855248158382686,0.7751940102116642,223.2708993855301,0.0,0.0,109.354,0.0,0.0,109.354,0.0,270.5969999999999,270.5969999999999,0.0,8846.45816467337,0.001809835433959961,2,0.0
298132,2014-01-07 00:00:00,48,24,131.742,114.69006551810646,-0.023420652751423025,0.10067503833536773,89.69006551810646,100.0,0.0,31.74199999999999,100.0,0.0,31.74199999999999,0.0,270.5969999999999,370.5969999999999,1.0,3652.437928724182,0.0015780925750732422,2,0.0
298133,2014-01-07 01:00:00,48,24,136.277,115.87888413327191,-0.02695304524498367,0.18612562676783295,90.87888413327191,100.0,0.0,36.27699999999999,100.0,0.0,36.27699999999999,0.0,370.5969999999999,470.5969999999999,1.0,3652.437928724182,0.0015780925750732422,2,0.0
298134,2014-01-07 02:00:00,48,24,131.54,114.63914356565175,-0.03134627288403387,0.1277021338196358,89.63914356565175,100.0,0.0,31.539999999999992,100.0,0.0,31.539999999999992,0.0,470.5969999999999,570.597,1.0,3652.437928724182,0.0015780925750732422,2,0.0
298135,2014-01-07 03:00:00,48,24,169.922,108.79735110404692,0.3146797716322377,0.14649517202027262,83.79735110404692,100.0,0.0,69.922,100.0,0.0,69.922,0.0,570.597,670.597,1.0,3652.437928724182,0.0015780925750732422,2,0.0
298136,2014-01-07 04:00:00,48,24,157.944,101.82161956142615,-0.03170248053044334,0.08245196430208013,76.82161956142615,100.0,0.0,57.94399999999999,100.0,0.0,57.94399999999999,0.0,670.597,770.597,1.0,3652.437928724182,0.0015780925750732422,2,0.0
298137,2014-01-07 05:00:00,48,24,166.584,93.40133030519408,-0.02380654436836663,0.34533787498192514,111.69349560845072,56.70783469674336,0.0,109.87616530325664,56.70783469674336,0.0,109.87616530325664,0.0,770.597,827.3048346967433,1.0,3652.437928724182,0.0015780925750732422,2,0.0
298138,2014-01-07 06:00:00,48,24,170.55,88.42793821819943,-0.02947618274038412,0.3356497977873961,75.0,88.42793821819943,0.0,75.0,88.42793821819943,0.0,75.0,7.122061781800582,827.3048346967433,915.7327729149428,1.0,3652.437928724182,0.0015780925750732422,2,0.0
298139,2014-01-07 07:00:00,48,24,181.165,84.2672270850572,0.021461510696170916,0.20614505541206063,75.0,84.2672270850572,0.0,75.0,84.2672270850572,0.0,75.0,21.89777291494279,915.7327729149428,1000.0,1.0,3652.437928724182,0.0015780925750732422,2,0.0
298140,2014-01-07 08:00:00,48,24,181.68,80.45955422940463,0.004749435285459676,0.47826239968080286,155.45955422940463,0.0,0.0,155.45955422940463,0.0,0.0,155.45955422940463,26.220445770595376,1000.0,1000.0,0.0,3652.437928724182,0.0015780925750732422,2,0.0
298141,2014-01-07 09:00:00,48,24,126.787,79.06066858480159,0.5357066162293175,0.3588624790999022,154.0606685848016,0.0,0.0,126.787,0.0,0.0,126.787,0.0,1000.0,1000.0,0.0,3652.437928724182,0.0015780925750732422,2,0.0
298142,2014-01-07 10:00:00,48,24,122.701,78.09413455769965,0.5039150837872718,0.5842203757662059,153.09413455769965,0.0,0.0,122.701,0.0,0.0,122.701,0.0,1000.0,1000.0,0.0,3652.437928724182,0.0015780925750732422,2,0.0
298143,2014-01-07 11:00:00,48,24,126.458,77.7818889942448,1.6101633287256565,0.6261840322162983,152.7818889942448,0.0,0.0,126.458,0.0,0.0,126.458,0.0,1000.0,1000.0,0.0,3652.437928724182,0.0015780925750732422,2,0.0
298144,2014-01-07 12:00:00,48,24,149.767,78.2383065076819,0.2739830480299551,0.6448107144624042,153.2383065076819,0.0,0.0,149.767,0.0,0.0,149.767,0.0,1000.0,1000.0,0.0,3652.437928724182,0.0015780925750732422,2,0.0
298145,2014-01-07 13:00:00,48,24,172.129,79.13453819164995,-0.008845823219168646,0.8246318804803768,154.13453819164994,0.0,0.0,154.13453819164994,0.0,0.0,154.13453819164994,17.994461808350053,1000.0,1000.0,0.0,3652.437928724182,0.0015780925750732422,2,0.0
298146,2014-01-07 14:00:00,48,24,183.679,80.0300450551843,0.5135623742108617,0.7856160262531826,155.0300450551843,0.0,0.0,155.0300450551843,0.0,0.0,155.0300450551843,28.6489549448157,1000.0,1000.0,0.0,3652.437928724182,0.0015780925750732422,2,0.0
298147,2014-01-07 15:00:00,48,24,176.931,81.505653347839,0.1789052904091592,0.7523426934428716,156.505653347839,0.0,0.0,156.505653347839,0.0,0.0,156.505653347839,20.42534665216101,1000.0,1000.0,0.0,3652.437928724182,0.0015780925750732422,2,0.0
298148,2014-01-07 16:00:00,48,24,178.368,83.55222636944964,0.6006848277285126,0.5509481325188716,158.55222636944964,0.0,0.0,158.55222636944964,0.0,0.0,158.55222636944964,19.815773630550353,1000.0,1000.0,0.0,3652.437928724182,0.0015780925750732422,2,0.0
298149,2014-01-07 17:00:00,48,24,204.373,89.1820209601409,0.058922681510234116,0.7754225331244662,164.1820209601409,0.0,0.0,164.1820209601409,0.0,0.0,164.1820209601409,40.19097903985909,1000.0,1000.0,0.0,3652.437928724182,0.0015780925750732422,2,0.0
298150,2014-01-07 18:00:00,48,24,223.374,96.28227757341956,-0.0010686229392284272,0.7632414560547229,171.28227757341955,0.0,0.0,171.28227757341955,0.0,0.0,171.28227757341955,52.091722426580446,1000.0,1000.0,0.0,3652.437928724182,0.0015780925750732422,2,0.0
298151,2014-01-07 19:00:00,48,24,233.032,103.16073453457425,0.4346623805311628,0.6455182902943576,178.16073453457426,0.0,0.0,178.16073453457426,0.0,0.0,178.16073453457426,54.87126546542575,1000.0,1000.0,0.0,3652.437928724182,0.0015780925750732422,2,0.0
298152,2014-01-07 20:00:00,48,24,233.683,110.97137795365182,0.4481685871241886,0.7235970307350675,185.97137795365182,0.0,0.0,185.97137795365182,0.0,0.0,185.97137795365182,47.71162204634817,1000.0,1000.0,0.0,3652.437928724182,0.0015780925750732422,2,0.0
298153,2014-01-07 21:00:00,48,24,233.724,119.15942888766351,0.8605679897547593,0.6386694035422975,194.15942888766352,0.0,0.0,194.15942888766352,0.0,0.0,194.15942888766352,39.564571112336466,1000.0,1000.0,0.0,3652.437928724182,0.0015780925750732422,2,0.0
298154,2014-01-07 22:00:00,48,24,233.725,124.36987166489163,0.651949044840943,0.8733089567947652,199.36987166489163,0.0,0.0,199.36987166489163,0.0,0.0,199.36987166489163,34.35512833510836,1000.0,1000.0,0.0,3652.437928724182,0.0015780925750732422,2,0.0
298155,2014-01-07 23:00:00,48,24,233.614,128.26841468663625,0.792710433113754,0.8730993829226319,203.26841468663625,0.0,0.0,203.26841468663625,0.0,0.0,203.26841468663625,30.345585313363756,1000.0,1000.0,0.0,3652.437928724182,0.0015780925750732422,2,0.0
298156,2014-01-08 00:00:00,48,24,233.596,228.5938667832824,0.725327820001295,0.6578458528933271,249.0,0.0,0.0,233.596,0.0,0.0,233.596,0.0,1000.0,1000.0,0.0,5121.751777179778,0.0018858909606933594,2,0.0
298157,2014-01-08 01:00:00,48,24,233.694,221.27899502648776,0.5648859592643604,0.641736766582649,249.0,0.0,0.0,233.694,0.0,0.0,233.694,0.0,1000.0,1000.0,0.0,5121.751777179778,0.0018858909606933594,2,0.0
298158,2014-01-08 02:00:00,48,24,233.579,212.59226656994497,0.04437753594851385,0.569831241789398,249.0,0.0,0.0,233.579,0.0,0.0,233.579,0.0,1000.0,1000.0,0.0,5121.751777179778,0.0018858909606933594,2,0.0
298159,2014-01-08 03:00:00,48,24,233.633,202.64752906505734,0.6941774613227865,0.5313318057239269,249.0,0.0,0.0,233.633,0.0,0.0,233.633,0.0,1000.0,1000.0,0.0,5121.751777179778,0.0018858909606933594,2,0.0
298160,2014-01-08 04:00:00,48,24,232.746,192.15195178752322,-0.004660383373857307,0.4920821888885351,249.0,0.0,0.0,232.746,0.0,0.0,232.746,0.0,1000.0,1000.0,0.0,5121.751777179778,0.0018858909606933594,2,0.0
298161,2014-01-08 05:00:00,48,24,225.755,181.207244484314,-0.0020185099963203603,0.6944170942200381,249.0,0.0,0.0,225.755,0.0,0.0,225.755,0.0,1000.0,1000.0,0.0,5121.751777179778,0.0018858909606933594,2,0.0
298162,2014-01-08 06:00:00,48,24,225.432,170.3553778479118,0.027517040685132006,0.7281827373004438,245.3553778479118,0.0,0.0,225.432,0.0,0.0,225.432,0.0,1000.0,1000.0,0.0,5121.751777179778,0.0018858909606933594,2,0.0
298163,2014-01-08 07:00:00,48,24,224.54,157.72176654024202,0.6909410604211231,0.6087170303596922,232.72176654024202,0.0,0.0,224.54,0.0,0.0,224.54,0.0,1000.0,1000.0,0.0,5121.751777179778,0.0018858909606933594,2,0.0
298164,2014-01-08 08:00:00,48,24,224.796,145.7160304806856,0.6832336664015599,0.8497924099674533,220.7160304806856,0.0,0.0,220.7160304806856,0.0,0.0,220.7160304806856,4.079969519314403,1000.0,1000.0,0.0,5121.751777179778,0.0018858909606933594,2,0.0
298165,2014-01-08 09:00:00,48,24,206.681,137.44033845073045,0.013684310416230692,0.7807429272257818,212.44033845073045,0.0,0.0,206.681,0.0,0.0,206.681,0.0,1000.0,1000.0,0.0,5121.751777179778,0.0018858909606933594,2,0.0
298166,2014-01-08 10:00:00,48,24,213.302,131.4790131235536,0.5900282823067625,0.8833120400645138,206.4790131235536,0.0,0.0,206.4790131235536,0.0,0.0,206.4790131235536,6.822986876446379,1000.0,1000.0,0.0,5121.751777179778,0.0018858909606933594,2,0.0
298167,2014-01-08 11:00:00,48,24,204.622,126.33346015642908,0.9636010514787003,0.9683198275494385,201.33346015642908,0.0,0.0,201.33346015642908,0.0,0.0,201.33346015642908,3.2885398435709305,1000.0,1000.0,0.0,5121.751777179778,0.0018858909606933594,2,0.0
298168,2014-01-08 12:00:00,48,24,159.364,121.38282559162317,0.446803124479619,1.019502618287515,196.38282559162317,0.0,0.0,159.364,0.0,0.0,159.364,0.0,1000.0,1000.0,0.0,5121.751777179778,0.0018858909606933594,2,0.0
298169,2014-01-08 13:00:00,48,24,135.857,120.66741072544589,-0.021283406872966173,1.0784706127547379,195.6674107254459,0.0,0.0,135.857,0.0,0.0,135.857,0.0,1000.0,1000.0,0.0,5121.751777179778,0.0018858909606933594,2,0.0
298170,2014-01-08 14:00:00,48,24,72.571,119.68955166985948,0.6140722984394021,1.039723334011803,194.6895516698595,0.0,0.0,72.571,0.0,0.0,72.571,0.0,1000.0,1000.0,0.0,5121.751777179778,0.0018858909606933594,2,0.0
298171,2014-01-08 15:00:00,48,24,29.453,118.67934042576746,0.4693332581150186,1.0200122014150317,193.67934042576746,0.0,0.0,29.453,0.0,0.0,29.453,0.0,1000.0,1000.0,0.0,5121.751777179778,0.0018858909606933594,2,0.0
298172,2014-01-08 16:00:00,48,24,2.692,119.07090177793022,0.6444618341192977,0.822814139279044,194.0709017779302,0.0,0.0,2.692,0.0,0.0,2.692,0.0,1000.0,1000.0,0.0,5121.751777179778,0.0018858909606933594,2,0.0
298173,2014-01-08 17:00:00,48,24,0.0,120.83116614663865,0.35395166464888245,0.8706912586054831,195.83116614663865,0.0,0.0,0.0,0.0,0.0,0.0,0.0,1000.0,1000.0,0.0,5121.751777179778,0.0018858909606933594,2,0.0
298174,2014-01-08 18:00:00,48,24,3.84,124.60155160220056,0.025825054364686996,0.951302092845546,199.60155160220057,0.0,0.0,3.84,0.0,0.0,3.84,0.0,1000.0,1000.0,0.0,5121.751777179778,0.0018858909606933594,2,0.0
298175,2014-01-08 19:00:00,48,24,30.348,128.19015936766084,0.47402332545940984,0.8255034073466841,203.19015936766084,0.0,0.0,30.348,0.0,0.0,30.348,0.0,1000.0,1000.0,0.0,5121.751777179778,0.0018858909606933594,2,0.0
298176,2014-01-08 20:00:00,48,24,147.949,132.5182157927482,0.5459475860635898,0.8445138798841192,207.5182157927482,0.0,0.0,147.949,0.0,0.0,147.949,0.0,1000.0,1000.0,0.0,5121.751777179778,0.0018858909606933594,2,0.0
298177,2014-01-08 21:00:00,48,24,136.367,138.72119938921912,0.6478229729367,0.673550464599169,213.72119938921912,0.0,0.0,136.367,0.0,0.0,136.367,0.0,1000.0,1000.0,0.0,5121.751777179778,0.0018858909606933594,2,0.0
298178,2014-01-08 22:00:00,48,24,124.159,141.7578154092979,0.645240467500231,0.9431412385222865,216.7578154092979,0.0,0.0,124.159,0.0,0.0,124.159,0.0,1000.0,1000.0,0.0,5121.751777179778,0.0018858909606933594,2,0.0
298179,2014-01-08 23:00:00,48,24,83.013,145.4773980298702,0.6431329055923086,0.8761582982428529,220.4773980298702,0.0,0.0,83.013,0.0,0.0,83.013,0.0,1000.0,1000.0,0.0,5121.751777179778,0.0018858909606933594,2,0.0
298180,2014-01-09 00:00:00,48,24,70.675,81.6478435732585,0.7037475734229875,0.5951631014077012,156.6478435732585,0.0,0.0,70.675,0.0,0.0,70.675,0.0,1000.0,1000.0,0.0,3536.5311947533714,0.0016238689422607422,2,0.0
298181,2014-01-09 01:00:00,48,24,74.668,85.27466709138982,0.5880394562809761,0.5031483646553442,160.2746670913898,0.0,0.0,74.668,0.0,0.0,74.668,0.0,1000.0,1000.0,0.0,3536.5311947533714,0.0016238689422607422,2,0.0
298182,2014-01-09 02:00:00,48,24,63.185,87.89377056591297,0.4193454517355554,0.45740489259880424,162.89377056591297,0.0,0.0,63.185,0.0,0.0,63.185,0.0,1000.0,1000.0,0.0,3536.5311947533714,0.0016238689422607422,2,0.0
298183,2014-01-09 03:00:00,48,24,40.407,87.58656809712554,1.714345200404251,0.4097878381038406,162.58656809712554,0.0,0.0,40.407,0.0,0.0,40.407,0.0,1000.0,1000.0,0.0,3536.5311947533714,0.0016238689422607422,2,0.0
298184,2014-01-09 04:00:00,48,24,18.664,88.16863690123454,-0.012912527182343496,0.36190483944531426,163.16863690123455,0.0,0.0,18.664,0.0,0.0,18.664,0.0,1000.0,1000.0,0.0,3536.5311947533714,0.0016238689422607422,2,0.0
298185,2014-01-09 05:00:00,48,24,6.146,85.4365880914136,-0.025825054364686992,0.5643731469157856,160.4365880914136,0.0,0.0,6.146,0.0,0.0,6.146,0.0,1000.0,1000.0,0.0,3536.5311947533714,0.0016238689422607422,2,0.0
298186,2014-01-09 06:00:00,48,24,0.0,82.47698524440642,0.09967877305358494,0.6189325785542276,157.47698524440642,0.0,0.0,0.0,0.0,0.0,0.0,0.0,1000.0,1000.0,0.0,3536.5311947533714,0.0016238689422607422,2,0.0
298187,2014-01-09 07:00:00,48,24,0.0,78.50668086297705,0.6474073973492223,0.5279132482769544,153.50668086297705,0.0,0.0,0.0,0.0,0.0,0.0,0.0,1000.0,1000.0,0.0,3536.5311947533714,0.0016238689422607422,2,0.0
298188,2014-01-09 08:00:00,48,24,0.0,75.96107997131249,1.8119095614028666,0.7386797213689379,150.96107997131247,0.0,0.0,0.0,0.0,0.0,0.0,0.0,1000.0,1000.0,0.0,3536.5311947533714,0.0016238689422607422,2,0.0
298189,2014-01-09 09:00:00,48,24,0.0,74.15804380830885,0.19362853979408423,0.6954288466118939,149.15804380830883,0.0,0.0,0.0,0.0,0.0,0.0,0.0,1000.0,1000.0,0.0,3536.5311947533714,0.0016238689422607422,2,0.0
298190,2014-01-09 10:00:00,48,24,0.0,71.67626803082236,0.2866581034480256,0.8038503460663619,146.67626803082237,0.0,0.0,0.0,0.0,0.0,0.0,0.0,1000.0,1000.0,0.0,3536.5311947533714,0.0016238689422607422,2,0.0
298191,2014-01-09 11:00:00,48,24,0.0,70.39832275767714,0.7216470076550637,0.899969812854285,145.39832275767714,0.0,0.0,0.0,0.0,0.0,0.0,0.0,1000.0,1000.0,0.0,3536.5311947533714,0.0016238689422607422,2,0.0
298192,2014-01-09 12:00:00,48,24,0.0,68.09498120867003,0.4915962360156106,0.9552820744847325,143.09498120867005,0.0,0.0,0.0,0.0,0.0,0.0,0.0,1000.0,1000.0,0.0,3536.5311947533714,0.0016238689422607422,2,0.0
298193,2014-01-09 13:00:00,48,24,0.0,65.87040792633266,0.5081005236325831,1.002374429468778,140.87040792633266,0.0,0.0,0.0,0.0,0.0,0.0,0.0,1000.0,1000.0,0.0,3536.5311947533714,0.0016238689422607422,2,0.0
298194,2014-01-09 14:00:00,48,24,0.0,63.7186200467421,0.565064063087565,0.987608007100485,138.7186200467421,0.0,0.0,0.0,0.0,0.0,0.0,0.0,1000.0,1000.0,0.0,3536.5311947533714,0.0016238689422607422,2,0.0
298195,2014-01-09 15:00:00,48,24,0.034,63.69419128862957,0.4975330301224352,0.9656613212505128,138.69419128862955,0.0,0.0,0.034,0.0,0.0,0.034,0.0,1000.0,1000.0,0.0,3536.5311947533714,0.0016238689422607422,2,0.0
298196,2014-01-09 16:00:00,48,24,0.464,66.00611677655003,0.24937503645716713,0.7927436477391681,141.00611677655002,0.0,0.0,0.464,0.0,0.0,0.464,0.0,1000.0,1000.0,0.0,3536.5311947533714,0.0016238689422607422,2,0.0
298197,2014-01-09 17:00:00,48,24,10.837,71.58070849062383,0.5343708375552818,0.8188243178884933,146.58070849062383,0.0,0.0,10.837,0.0,0.0,10.837,0.0,1000.0,1000.0,0.0,3536.5311947533714,0.0016238689422607422,2,0.0
298198,2014-01-09 18:00:00,48,24,44.294,79.53960301678916,0.575423768803974,0.885939289012798,154.53960301678916,0.0,0.0,44.294,0.0,0.0,44.294,0.0,1000.0,1000.0,0.0,3536.5311947533714,0.0016238689422607422,2,0.0
298199,2014-01-09 19:00:00,48,24,86.981,89.34222082663769,0.49913596453127784,0.8344623301739358,164.34222082663769,0.0,0.0,86.981,0.0,0.0,86.981,0.0,1000.0,1000.0,0.0,3536.5311947533714,0.0016238689422607422,2,0.0
298200,2014-01-09 20:00:00,48,24,143.65,100.6528999452273,0.5525967954632335,0.856641870320243,175.65289994522732,0.0,0.0,143.65,0.0,0.0,143.65,0.0,1000.0,1000.0,0.0,3536.5311947533714,0.0016238689422607422,2,0.0
298201,2014-01-09 21:00:00,48,24,196.772,111.00075879193389,0.5718616923398793,0.6916970299092502,186.0007587919339,0.0,0.0,186.0007587919339,0.0,0.0,186.0007587919339,10.771241208066101,1000.0,1000.0,0.0,3536.5311947533714,0.0016238689422607422,2,0.0
298202,2014-01-09 22:00:00,48,24,215.489,117.59580043756802,0.29965968254197145,0.9347648623703736,192.59580043756802,0.0,0.0,192.59580043756802,0.0,0.0,192.59580043756802,22.893199562431988,1000.0,1000.0,0.0,3536.5311947533714,0.0016238689422607422,2,0.0
298203,2014-01-09 23:00:00,48,24,206.968,124.20744783862415,0.42433235878528797,0.8746912133727425,199.20744783862415,0.0,0.0,199.20744783862415,0.0,0.0,199.20744783862415,7.760552161375841,1000.0,1000.0,0.0,3536.5311947533714,0.0016238689422607422,2,0.0
298204,2014-01-10 00:00:00,48,24,200.22,202.39387090210732,0.6196232009292831,0.48079431149925855,249.0,0.0,0.0,200.22,0.0,0.0,200.22,0.0,1000.0,1000.0,0.0,4039.7137824019705,0.0019140243530273438,2,0.0
298205,2014-01-10 01:00:00,48,24,213.463,197.19493887706665,0.5802919399715702,0.44058254281017173,249.0,0.0,0.0,213.463,0.0,0.0,213.463,0.0,1000.0,1000.0,0.0,4039.7137824019705,0.0019140243530273438,2,0.0
298206,2014-01-10 02:00:00,48,24,223.042,190.13319665464707,0.43791620037817247,0.4190121086047166,249.0,0.0,0.0,223.042,0.0,0.0,223.042,0.0,1000.0,1000.0,1.0,4039.7137824019705,0.0019140243530273438,2,0.0
298207,2014-01-10 03:00:00,48,24,225.034,181.14239390181845,0.7783730753457729,0.28200156268224064,249.0,0.0,0.0,225.034,0.0,0.0,225.034,0.0,1000.0,1000.0,0.0,4039.7137824019705,0.0019140243530273438,2,0.0
298208,2014-01-10 04:00:00,48,24,206.703,170.53526989580047,0.47624962324946907,0.31300234207160355,245.53526989580047,0.0,0.0,206.703,0.0,0.0,206.703,0.0,1000.0,1000.0,1.0,4039.7137824019705,0.0019140243530273438,2,0.0
298209,2014-01-10 05:00:00,48,24,174.947,158.64677166391255,0.5670528891133513,0.4107639727678227,233.64677166391255,0.0,0.0,174.947,0.0,0.0,174.947,0.0,1000.0,1000.0,0.0,4039.7137824019705,0.0019140243530273438,2,0.0
298210,2014-01-10 06:00:00,48,24,175.065,148.01635351304878,0.44080696243172623,0.47034468048772227,223.01635351304878,0.0,0.0,175.065,0.0,0.0,175.065,0.0,1000.0,1000.0,0.0,4039.7137824019705,0.0019140243530273438,2,0.0
298211,2014-01-10 07:00:00,48,24,201.188,137.4970141129383,0.3869602398828271,0.40654523694243705,212.4970141129383,0.0,0.0,201.188,0.0,0.0,201.188,0.0,1000.0,1000.0,0.0,4039.7137824019705,0.0019140243530273438,2,0.0
298212,2014-01-10 08:00:00,48,24,208.556,127.79692601232995,1.3062682405599182,0.5553796704123585,202.79692601232995,0.0,0.0,202.79692601232995,0.0,0.0,202.79692601232995,5.759073987670064,1000.0,1000.0,0.0,4039.7137824019705,0.0019140243530273438,2,0.0
298213,2014-01-10 09:00:00,48,24,169.814,123.13010840750829,0.5519734320820169,0.5438247056761909,198.1301084075083,0.0,0.0,169.814,0.0,0.0,169.814,0.0,1000.0,1000.0,0.0,4039.7137824019705,0.0019140243530273438,2,0.0
298214,2014-01-10 10:00:00,48,24,148.098,116.40230826531328,0.14928068781610446,0.6828937997111577,191.40230826531328,0.0,0.0,148.098,0.0,0.0,148.098,0.0,1000.0,1000.0,0.0,4039.7137824019705,0.0019140243530273438,2,0.0
298215,2014-01-10 11:00:00,48,24,159.02,112.42815856982605,0.6456857270582431,0.7720683089678593,187.42815856982605,0.0,0.0,159.02,0.0,0.0,159.02,0.0,1000.0,1000.0,0.0,4039.7137824019705,0.0019140243530273438,2,0.0
298216,2014-01-10 12:00:00,48,24,200.481,108.49504247872328,0.15483159030598545,0.7785237291519951,183.4950424787233,0.0,0.0,183.4950424787233,0.0,0.0,183.4950424787233,16.985957521276703,1000.0,1000.0,0.0,4039.7137824019705,0.0019140243530273438,2,0.0
298217,2014-01-10 13:00:00,48,24,199.929,105.22005286451122,0.32423801014422526,0.9184883538967591,180.22005286451122,0.0,0.0,180.22005286451122,0.0,0.0,180.22005286451122,19.708947135488785,1000.0,1000.0,0.0,4039.7137824019705,0.0019140243530273438,2,0.0
298218,2014-01-10 14:00:00,48,24,178.519,103.53777445060302,0.6042469041926074,0.8881301744531234,178.53777445060302,0.0,0.0,178.519,0.0,0.0,178.519,0.0,1000.0,1000.0,0.0,4039.7137824019705,0.0019140243530273438,2,0.0
298219,2014-01-10 15:00:00,48,24,187.385,102.6133371302312,0.16715043807764648,0.8263101777250581,177.6133371302312,0.0,0.0,177.6133371302312,0.0,0.0,177.6133371302312,9.77166286976879,1000.0,1000.0,0.0,4039.7137824019705,0.0019140243530273438,2,0.0
298220,2014-01-10 16:00:00,48,24,156.649,102.74110227304189,0.15275371236859683,0.6520094990445737,177.7411022730419,0.0,0.0,156.649,0.0,0.0,156.649,0.0,1000.0,1000.0,0.0,4039.7137824019705,0.0019140243530273438,2,0.0
298221,2014-01-10 17:00:00,48,24,107.052,106.46667591923526,0.1475590175251253,0.7167573476640251,181.46667591923526,0.0,0.0,107.052,0.0,0.0,107.052,0.0,1000.0,1000.0,0.0,4039.7137824019705,0.0019140243530273438,2,0.0
298222,2014-01-10 18:00:00,48,24,94.241,112.98967391204826,0.32815629425472953,0.7645203661498943,187.98967391204826,0.0,0.0,94.241,0.0,0.0,94.241,0.0,1000.0,1000.0,0.0,4039.7137824019705,0.0019140243530273438,2,0.0
298223,2014-01-10 19:00:00,48,24,64.126,120.88158905111456,0.1454514556172026,0.6966597783093513,195.88158905111456,0.0,0.0,64.126,0.0,0.0,64.126,0.0,1000.0,1000.0,0.0,4039.7137824019705,0.0019140243530273438,2,0.0
298224,2014-01-10 20:00:00,48,24,35.97,127.94344321966642,0.5707633854301167,0.7519750808074203,202.94344321966642,0.0,0.0,35.97,0.0,0.0,35.97,0.0,1000.0,1000.0,0.0,4039.7137824019705,0.0019140243530273438,2,0.0
298225,2014-01-10 21:00:00,48,24,54.352,136.23492631778788,0.41521937983131224,0.626284477757413,211.23492631778788,0.0,0.0,54.352,0.0,0.0,54.352,0.0,1000.0,1000.0,0.0,4039.7137824019705,0.0019140243530273438,2,0.0
298226,2014-01-10 22:00:00,48,24,90.123,138.96236721716,0.1494587916393092,0.8537789600708621,213.96236721716,0.0,0.0,90.123,0.0,0.0,90.123,0.0,1000.0,1000.0,0.0,4039.7137824019705,0.0019140243530273438,2,0.0
298227,2014-01-10 23:00:00,48,24,202.384,141.2891244438211,0.4862828052900026,0.8434242743001698,216.2891244438211,0.0,0.0,202.384,0.0,0.0,202.384,0.0,1000.0,1000.0,0.0,4039.7137824019705,0.0019140243530273438,2,0.0
298228,2014-01-11 00:00:00,48,24,127.888,221.22550684439574,0.5955198168555752,0.427728488210219,221.2255068443958,0.0,27.77449315560422,127.888,0.0,27.77449315560422,155.66249315560424,0.0,1000.0,949.5009215352651,0.0,4427.600609099986,0.002714872360229492,2,0.0
298229,2014-01-11 01:00:00,48,24,87.31,223.99218664777175,0.5722178999862888,0.39567766030598694,223.99218664777175,0.0,25.007813352228254,87.31,0.0,25.007813352228254,112.31781335222826,0.0,949.5009215352651,904.0321699857592,0.0,4427.600609099986,0.002714872360229492,2,0.0
298230,2014-01-11 02:00:00,48,24,29.407,219.52915801940608,0.5580883300120462,0.31460979854367876,249.0,0.0,0.0,29.407,0.0,0.0,29.407,0.0,904.0321699857592,904.0321699857592,1.0,4427.600609099986,0.002714872360229492,2,0.0
298231,2014-01-11 03:00:00,48,24,8.33,211.6317584448631,0.607304353157622,0.1754703066265268,190.66392843062218,95.96783001424092,0.0,0.0,8.33,0.0,0.0,0.0,904.0321699857592,912.3621699857592,1.0,4427.600609099986,0.002714872360229492,2,0.0
298232,2014-01-11 04:00:00,48,24,3.426,200.4432054031335,0.39037389649425136,0.21326412849900178,249.0,0.0,0.0,3.426,0.0,0.0,3.426,0.0,912.3621699857592,912.3621699857592,0.0,4427.600609099986,0.002714872360229492,2,0.0
298233,2014-01-11 05:00:00,48,24,11.627,187.43354368838283,0.36238191228057337,0.3050444333228596,249.0,0.0,0.0,11.627,0.0,0.0,11.627,0.0,912.3621699857592,912.3621699857592,1.0,4427.600609099986,0.002714872360229492,2,0.0
298234,2014-01-11 06:00:00,48,24,12.388,177.3698183905389,0.4708768245827929,0.431892525646295,249.0,0.0,0.0,12.388,0.0,0.0,12.388,0.0,912.3621699857592,912.3621699857592,0.0,4427.600609099986,0.002714872360229492,2,0.0
298235,2014-01-11 07:00:00,48,24,16.771,167.09143616704048,0.16869400454542088,0.3328314908045952,242.09143616704048,0.0,0.0,16.771,0.0,0.0,16.771,0.0,912.3621699857592,912.3621699857592,0.0,4427.600609099986,0.002714872360229492,2,0.0
298236,2014-01-11 08:00:00,48,24,19.35,157.7527980275751,0.7074877537102872,0.5249543025034278,232.7527980275751,0.0,0.0,19.35,0.0,0.0,19.35,0.0,912.3621699857592,912.3621699857592,0.0,4427.600609099986,0.002714872360229492,2,0.0
298237,2014-01-11 09:00:00,48,24,23.651,148.76217010162375,0.1671801220481806,0.4917399088055013,223.76217010162375,0.0,0.0,23.651,0.0,0.0,23.651,0.0,912.3621699857592,912.3621699857592,0.0,4427.600609099986,0.002714872360229492,2,0.0
298238,2014-01-11 10:00:00,48,24,45.814,143.15058605104574,0.5259405899235909,0.6233370752634327,218.15058605104574,0.0,0.0,45.814,0.0,0.0,45.814,0.0,912.3621699857592,912.3621699857592,0.0,4427.600609099986,0.002714872360229492,2,0.0
298239,2014-01-11 11:00:00,48,24,38.74,138.58431247717292,0.6292704913528732,0.7458926806063879,213.58431247717292,0.0,0.0,38.74,0.0,0.0,38.74,0.0,912.3621699857592,912.3621699857592,0.0,4427.600609099986,0.002714872360229492,2,0.0
298240,2014-01-11 12:00:00,48,24,41.31,133.76471082316013,0.45837987298792704,0.6937669849230355,208.76471082316013,0.0,0.0,41.31,0.0,0.0,41.31,0.0,912.3621699857592,912.3621699857592,0.0,4427.600609099986,0.002714872360229492,2,0.0
298241,2014-01-11 13:00:00,48,24,31.705,128.70742080091807,0.48649059308374154,0.8799530190132029,203.70742080091807,0.0,0.0,31.705,0.0,0.0,31.705,0.0,912.3621699857592,912.3621699857592,0.0,4427.600609099986,0.002714872360229492,2,0.0
298242,2014-01-11 14:00:00,48,24,37.976,123.86555886586022,0.6325654120821605,0.8515711466442888,198.86555886586024,0.0,0.0,37.976,0.0,0.0,37.976,0.0,912.3621699857592,912.3621699857592,0.0,4427.600609099986,0.002714872360229492,2,0.0
298243,2014-01-11 15:00:00,48,24,58.512,121.65164727398229,0.4553817919639806,0.758370612400373,196.6516472739823,0.0,0.0,58.512,0.0,0.0,58.512,0.0,912.3621699857592,912.3621699857592,0.0,4427.600609099986,0.002714872360229492,2,0.0
298244,2014-01-11 16:00:00,48,24,65.304,120.89773248614156,0.5548230932532927,0.6183375942136332,195.89773248614156,0.0,0.0,65.304,0.0,0.0,65.304,0.0,912.3621699857592,912.3621699857592,0.0,4427.600609099986,0.002714872360229492,2,0.0
298245,2014-01-11 17:00:00,48,24,51.586,119.06805080888033,0.4362949989105397,0.6789736815251035,194.06805080888034,0.0,0.0,51.586,0.0,0.0,51.586,0.0,912.3621699857592,912.3621699857592,0.0,4427.600609099986,0.002714872360229492,2,0.0
298246,2014-01-11 18:00:00,48,24,60.1,119.59849945544241,0.3745523401995638,0.735607952834705,194.5984994554424,0.0,0.0,60.1,0.0,0.0,60.1,0.0,912.3621699857592,912.3621699857592,0.0,4427.600609099986,0.002714872360229492,2,0.0
298247,2014-01-11 19:00:00,48,24,104.016,123.71080079152385,0.4844720830874212,0.6838151471130249,198.71080079152387,0.0,0.0,104.016,0.0,0.0,104.016,0.0,912.3621699857592,912.3621699857592,0.0,4427.600609099986,0.002714872360229492,2,0.0
298248,2014-01-11 20:00:00,48,24,157.768,128.38345203003485,0.5996458887598184,0.7513430176070368,203.38345203003485,0.0,0.0,157.768,0.0,0.0,157.768,0.0,912.3621699857592,912.3621699857592,0.0,4427.600609099986,0.002714872360229492,2,0.0
298249,2014-01-11 21:00:00,48,24,221.46,135.77958860559718,0.6246694759200839,0.6186630780395037,210.77958860559718,0.0,0.0,210.77958860559718,0.0,0.0,210.77958860559718,10.680411394402824,912.3621699857592,912.3621699857592,0.0,4427.600609099986,0.002714872360229492,2,0.0
298250,2014-01-11 22:00:00,48,24,233.494,143.85965682736224,0.5937981465645962,0.8450158096241669,218.85965682736224,0.0,0.0,218.85965682736224,0.0,0.0,218.85965682736224,14.634343172637756,912.3621699857592,912.3621699857592,0.0,4427.600609099986,0.002714872360229492,2,0.0
298251,2014-01-11 23:00:00,48,24,233.725,152.44460502205865,0.6197122528408855,0.8729176512462529,227.44460502205865,0.0,0.0,227.44460502205865,0.0,0.0,227.44460502205865,6.2803949779413415,912.3621699857592,912.3621699857592,0.0,4427.600609099986,0.002714872360229492,2,0.0
298252,2014-01-12 00:00:00,48,24,233.732,228.33462822991692,0.6272816653270867,0.6263354390365571,249.0,0.0,0.0,233.732,0.0,0.0,233.732,0.0,912.3621699857592,912.3621699857592,0.0,4522.061604796503,0.0017609596252441406,2,0.0
298253,2014-01-12 01:00:00,48,24,233.729,219.20869164499032,0.5962322321483942,0.5235591593106622,249.0,0.0,0.0,233.729,0.0,0.0,233.729,0.0,912.3621699857592,912.3621699857592,0.0,4522.061604796503,0.0017609596252441406,2,0.0
298254,2014-01-12 02:00:00,48,24,233.734,207.84299609354653,0.492635174984305,0.40874686186558473,249.0,0.0,0.0,233.734,0.0,0.0,233.734,0.0,912.3621699857592,912.3621699857592,0.0,4522.061604796503,0.0017609596252441406,2,0.0
298255,2014-01-12 03:00:00,48,24,24.071,195.90081128060774,0.6165954359348026,0.36171378633681145,249.0,0.0,0.0,24.071,0.0,0.0,24.071,0.0,912.3621699857592,912.3621699857592,0.0,4522.061604796503,0.0017609596252441406,2,0.0
298256,2014-01-12 04:00:00,48,24,24.072,183.7318446261641,0.4949802086565007,0.35282140154641917,171.09401461192334,87.63783001424076,0.0,0.0,24.072,0.0,0.0,0.0,912.3621699857592,936.4341699857592,1.0,4522.061604796503,0.0017609596252441406,2,0.0
298257,2014-01-12 05:00:00,48,24,24.071,171.7277562046585,0.4628918365091137,0.449904518867308,246.7277562046585,0.0,0.0,24.071,0.0,0.0,24.071,0.0,936.4341699857592,936.4341699857592,0.0,4522.061604796503,0.0017609596252441406,2,0.0
298258,2014-01-12 06:00:00,48,24,143.146,159.49439209310657,0.5060523296657287,0.5681072591738379,234.49439209310657,0.0,0.0,143.146,0.0,0.0,143.146,0.0,936.4341699857592,936.4341699857592,1.0,4522.061604796503,0.0017609596252441406,2,0.0
298259,2014-01-12 07:00:00,48,24,143.152,149.03803420121952,0.6014977118446778,0.43145463047068544,224.03803420121952,0.0,0.0,143.152,0.0,0.0,143.152,0.0,936.4341699857592,936.4341699857592,0.0,4522.061604796503,0.0017609596252441406,2,0.0
298260,2014-01-12 08:00:00,48,24,143.113,139.34275601683657,0.6242242163620723,0.7001994347345843,214.34275601683657,0.0,0.0,143.113,0.0,0.0,143.113,0.0,936.4341699857592,936.4341699857592,0.0,4522.061604796503,0.0017609596252441406,2,0.0
298261,2014-01-12 09:00:00,48,24,143.075,132.64881681906905,0.4261430809878694,0.5694747897203923,207.64881681906905,0.0,0.0,143.075,0.0,0.0,143.075,0.0,936.4341699857592,936.4341699857592,0.0,4522.061604796503,0.0017609596252441406,2,0.0
298262,2014-01-12 10:00:00,48,24,143.029,125.3916200955544,0.6316155250250687,0.6869287508240989,200.3916200955544,0.0,0.0,143.029,0.0,0.0,143.029,0.0,936.4341699857592,936.4341699857592,0.0,4522.061604796503,0.0017609596252441406,2,0.0
298263,2014-01-12 11:00:00,48,24,143.161,121.39667239059352,0.8121534338136048,0.8356291032160688,196.39667239059352,0.0,0.0,143.161,0.0,0.0,143.161,0.0,936.4341699857592,936.4341699857592,0.0,4522.061604796503,0.0017609596252441406,2,0.0
298264,2014-01-12 12:00:00,48,24,143.174,118.12190461061901,0.6243726362147427,0.7897256161637732,193.12190461061903,0.0,0.0,143.174,0.0,0.0,143.174,0.0,936.4341699857592,936.4341699857592,0.0,4522.061604796503,0.0017609596252441406,2,0.0
298265,2014-01-12 13:00:00,48,24,143.25,112.94710526305263,-0.0028793451418099277,0.9511414920002705,187.94710526305263,0.0,0.0,143.25,0.0,0.0,143.25,0.0,936.4341699857592,936.4341699857592,0.0,4522.061604796503,0.0017609596252441406,2,0.0
298266,2014-01-12 14:00:00,48,24,143.225,110.51814587326191,0.5525374275221651,0.9274576237090204,185.51814587326191,0.0,0.0,143.225,0.0,0.0,143.225,0.0,936.4341699857592,936.4341699857592,0.0,4522.061604796503,0.0017609596252441406,2,0.0
298267,2014-01-12 15:00:00,48,24,143.121,107.6093400683003,0.7078142773861625,0.8612960231046044,182.6093400683003,0.0,0.0,143.121,0.0,0.0,143.121,0.0,936.4341699857592,936.4341699857592,0.0,4522.061604796503,0.0017609596252441406,2,0.0
298268,2014-01-12 16:00:00,48,24,207.583,107.73186342989298,0.650464846314237,0.6840928394647507,182.731863429893,0.0,0.0,182.731863429893,0.0,0.0,182.731863429893,24.851136570107002,936.4341699857592,936.4341699857592,0.0,4522.061604796503,0.0017609596252441406,2,0.0
298269,2014-01-12 17:00:00,48,24,198.418,111.32528384659818,1.0797544281787235,0.7673881066143944,186.32528384659818,0.0,0.0,186.32528384659818,0.0,0.0,186.32528384659818,12.092716153401824,936.4341699857592,936.4341699857592,0.0,4522.061604796503,0.0017609596252441406,2,0.0
298270,2014-01-12 18:00:00,48,24,196.85,117.00881967537117,0.6660489308446516,0.8219987675344617,192.00881967537117,0.0,0.0,192.00881967537117,0.0,0.0,192.00881967537117,4.841180324628823,936.4341699857592,936.4341699857592,0.0,4522.061604796503,0.0017609596252441406,2,0.0
298271,2014-01-12 19:00:00,48,24,200.38,125.50658455898557,0.5485300915000585,0.7446616016176473,200.50658455898557,0.0,0.0,200.38,0.0,0.0,200.38,0.0,936.4341699857592,936.4341699857592,0.0,4522.061604796503,0.0017609596252441406,2,0.0
298272,2014-01-12 20:00:00,48,24,200.976,132.81117654624813,0.41842524864899755,0.8234200027004888,207.81117654624813,0.0,0.0,200.976,0.0,0.0,200.976,0.0,936.4341699857592,936.4341699857592,0.0,4522.061604796503,0.0017609596252441406,2,0.0
298273,2014-01-12 21:00:00,48,24,195.032,141.22346506183038,0.6681268087820401,0.6643362769656216,216.22346506183038,0.0,0.0,195.032,0.0,0.0,195.032,0.0,936.4341699857592,936.4341699857592,0.0,4522.061604796503,0.0017609596252441406,2,0.0
298274,2014-01-12 22:00:00,48,24,159.084,145.59767858754458,0.5716539045461403,0.8732347909902516,220.59767858754458,0.0,0.0,159.084,0.0,0.0,159.084,0.0,936.4341699857592,936.4341699857592,0.0,4522.061604796503,0.0017609596252441406,2,0.0
298275,2014-01-12 23:00:00,48,24,103.142,148.35755923660696,0.5701993899899683,0.9360038645535745,223.35755923660696,0.0,0.0,103.142,0.0,0.0,103.142,0.0,936.4341699857592,936.4341699857592,0.0,4522.061604796503,0.0017609596252441406,2,0.0
298276,2014-01-13 00:00:00,48,24,195.332,91.73044165963644,0.5315508603545401,0.620124603058246,166.73044165963643,0.0,0.0,166.73044165963643,0.0,0.0,166.73044165963643,28.601558340363567,936.4341699857592,936.4341699857592,0.0,3334.708113198322,0.0019469261169433594,2,0.0
298277,2014-01-13 01:00:00,48,24,205.989,86.84196255839848,0.6320904685536146,0.5897803873859997,161.84196255839848,0.0,0.0,161.84196255839848,0.0,0.0,161.84196255839848,44.147037441601526,936.4341699857592,936.4341699857592,0.0,3334.708113198322,0.0019469261169433594,2,0.0
298278,2014-01-13 02:00:00,48,24,206.136,83.16076638319382,-0.0368081234623125,0.5520907503336315,158.16076638319382,0.0,0.0,158.16076638319382,0.0,0.0,158.16076638319382,47.97523361680618,936.4341699857592,936.4341699857592,0.0,3334.708113198322,0.0019469261169433594,2,0.0
298279,2014-01-13 03:00:00,48,24,190.223,79.17167427321067,1.2354171696596643,0.5501077675747547,154.17167427321067,0.0,0.0,154.17167427321067,0.0,0.0,154.17167427321067,36.051325726789344,936.4341699857592,936.4341699857592,0.0,3334.708113198322,0.0019469261169433594,2,0.0
298280,2014-01-13 04:00:00,48,24,166.697,76.3305299081274,-0.026448417745903577,0.5433920283123221,151.3305299081274,0.0,0.0,151.3305299081274,0.0,0.0,151.3305299081274,15.3664700918726,936.4341699857592,936.4341699857592,0.0,3334.708113198322,0.0019469261169433594,2,0.0
298281,2014-01-13 05:00:00,48,24,170.086,73.28578718993677,0.15310992001500634,0.6055208752496599,148.28578718993677,0.0,0.0,148.28578718993677,0.0,0.0,148.28578718993677,21.800212810063243,936.4341699857592,936.4341699857592,0.0,3334.708113198322,0.0019469261169433594,2,0.0
298282,2014-01-13 06:00:00,48,24,172.314,70.35882969692821,-0.03250394773486466,0.6622906680609952,145.3588296969282,0.0,0.0,145.3588296969282,0.0,0.0,145.3588296969282,26.95517030307178,936.4341699857592,936.4341699857592,0.0,3334.708113198322,0.0019469261169433594,2,0.0
298283,2014-01-13 07:00:00,48,24,180.761,68.8257733020277,0.5588007453048651,0.5042822807480578,80.25994328778694,63.56583001424076,0.0,80.25994328778694,63.56583001424076,0.0,80.25994328778694,36.9352266979723,936.4341699857592,1000.0,1.0,3334.708113198322,0.0019469261169433594,2,0.0
298284,2014-01-13 08:00:00,48,24,196.855,67.93164326962349,0.5255843822771815,0.7379296738455161,142.9316432696235,0.0,0.0,142.9316432696235,0.0,0.0,142.9316432696235,53.9233567303765,1000.0,1000.0,0.0,3334.708113198322,0.0019469261169433594,2,0.0
298285,2014-01-13 09:00:00,48,24,130.51,66.42753866835952,0.7355094218944992,0.5165473882677263,141.42753866835952,0.0,0.0,130.51,0.0,0.0,130.51,0.0,1000.0,1000.0,0.0,3334.708113198322,0.0019469261169433594,2,0.0
298286,2014-01-13 10:00:00,48,24,72.933,66.38608175756215,0.6562829045389249,0.6977163564556003,141.38608175756215,0.0,0.0,72.933,0.0,0.0,72.933,0.0,1000.0,1000.0,0.0,3334.708113198322,0.0019469261169433594,2,0.0
298287,2014-01-13 11:00:00,48,24,63.565,66.90114467918978,1.726033834647649,0.7993046362504302,141.90114467918977,0.0,0.0,63.565,0.0,0.0,63.565,0.0,1000.0,1000.0,0.0,3334.708113198322,0.0019469261169433594,2,0.0
298288,2014-01-13 12:00:00,48,24,41.472,67.9660768908464,0.8179714920382929,0.7825742794432992,142.9660768908464,0.0,0.0,41.472,0.0,0.0,41.472,0.0,1000.0,1000.0,0.0,3334.708113198322,0.0019469261169433594,2,0.0
298289,2014-01-13 13:00:00,48,24,46.267,68.80395598105238,0.780629057106366,0.9109117703110926,143.80395598105238,0.0,0.0,46.267,0.0,0.0,46.267,0.0,1000.0,1000.0,0.0,3334.708113198322,0.0019469261169433594,2,0.0
298290,2014-01-13 14:00:00,48,24,39.852,69.57106640577837,0.7776903440234879,0.9286107076906345,144.57106640577837,0.0,0.0,39.852,0.0,0.0,39.852,0.0,1000.0,1000.0,0.0,3334.708113198322,0.0019469261169433594,2,0.0
298291,2014-01-13 15:00:00,48,24,55.368,71.45135664241414,0.8254221686423576,0.9085986939044227,146.45135664241414,0.0,0.0,55.368,0.0,0.0,55.368,0.0,1000.0,1000.0,0.0,3334.708113198322,0.0019469261169433594,2,0.0
298292,2014-01-13 16:00:00,48,24,44.702,75.71945218594148,0.6398083008924865,0.7037975976463765,150.71945218594146,0.0,0.0,44.702,0.0,0.0,44.702,0.0,1000.0,1000.0,0.0,3334.708113198322,0.0019469261169433594,2,0.0
298293,2014-01-13 17:00:00,48,24,48.827,82.75022948719534,1.3519564379766313,0.8368383859575339,157.75022948719533,0.0,0.0,48.827,0.0,0.0,48.827,0.0,1000.0,1000.0,0.0,3334.708113198322,0.0019469261169433594,2,0.0
298294,2014-01-13 18:00:00,48,24,52.692,90.03583892261108,1.039859171780862,0.8200796304854093,165.03583892261108,0.0,0.0,52.692,0.0,0.0,52.692,0.0,1000.0,1000.0,0.0,3334.708113198322,0.0019469261169433594,2,0.0
298295,2014-01-13 19:00:00,48,24,54.686,95.0489135142829,0.6918443012388044,0.6917274558943451,170.0489135142829,0.0,0.0,54.686,0.0,0.0,54.686,0.0,1000.0,1000.0,0.0,3334.708113198322,0.0019469261169433594,2,0.0
298296,2014-01-13 20:00:00,48,24,54.55,100.45340084801856,0.6601715046788952,0.7638636856647066,175.45340084801856,0.0,0.0,54.55,0.0,0.0,54.55,0.0,1000.0,1000.0,0.0,3334.708113198322,0.0019469261169433594,2,0.0
298297,2014-01-13 21:00:00,48,24,69.837,105.20687162331697,0.7236952016219181,0.6057746426931799,180.20687162331697,0.0,0.0,69.837,0.0,0.0,69.837,0.0,1000.0,1000.0,0.0,3334.708113198322,0.0019469261169433594,2,0.0
298298,2014-01-13 22:00:00,48,24,104.068,108.1325746917913,0.6317342609072054,0.8291707379063535,183.13257469179132,0.0,0.0,104.068,0.0,0.0,104.068,0.0,1000.0,1000.0,0.0,3334.708113198322,0.0019469261169433594,2,0.0
298299,2014-01-13 23:00:00,48,24,139.691,110.16089808929252,0.621285503279194,0.8675372885633925,185.16089808929252,0.0,0.0,139.691,0.0,0.0,139.691,0.0,1000.0,1000.0,0.0,3334.708113198322,0.0019469261169433594,2,0.0
298300,2014-01-14 00:00:00,48,24,138.278,149.37407699322065,1.1536971987792235,0.6729858755927292,224.37407699322065,0.0,0.0,138.278,0.0,0.0,138.278,0.0,1000.0,1000.0,0.0,4315.670445066507,0.0015170574188232422,2,0.0
298301,2014-01-14 01:00:00,48,24,154.683,151.92251681455997,1.0618846779171813,0.701614997257955,226.92251681455997,0.0,0.0,154.683,0.0,0.0,154.683,0.0,1000.0,1000.0,0.0,4315.670445066507,0.0015170574188232422,2,0.0
298302,2014-01-14 02:00:00,48,24,126.155,149.24391000637533,0.7130683401707021,0.6832597756097933,224.24391000637533,0.0,0.0,126.155,0.0,0.0,126.155,0.0,1000.0,1000.0,1.0,4315.670445066507,0.0015170574188232422,2,0.0
298303,2014-01-14 03:00:00,48,24,135.015,142.77456977173063,1.1225587136889288,0.6870083733380365,217.77456977173063,0.0,0.0,135.015,0.0,0.0,135.015,0.0,1000.0,1000.0,0.0,4315.670445066507,0.0015170574188232422,2,0.0
298304,2014-01-14 04:00:00,48,24,193.937,134.96751094843916,0.7254168719128973,0.6615840069035472,209.96751094843916,0.0,0.0,193.937,0.0,0.0,193.937,0.0,1000.0,1000.0,0.0,4315.670445066507,0.0015170574188232422,2,0.0
298305,2014-01-14 05:00:00,48,24,180.927,126.33511812438186,0.8304090756920903,0.7527987439408291,201.33511812438186,0.0,0.0,180.927,0.0,0.0,180.927,0.0,1000.0,1000.0,0.0,4315.670445066507,0.0015170574188232422,2,0.0
298306,2014-01-14 06:00:00,48,24,154.827,118.77815972410974,0.733520595868713,0.7314143776434737,193.77815972410974,0.0,0.0,154.827,0.0,0.0,154.827,0.0,1000.0,1000.0,0.0,4315.670445066507,0.0015170574188232422,2,0.0
298307,2014-01-14 07:00:00,48,24,171.343,110.71890937018586,0.6186139459311227,0.5897223810516742,185.71890937018586,0.0,0.0,171.343,0.0,0.0,171.343,0.0,1000.0,1000.0,0.0,4315.670445066507,0.0015170574188232422,2,0.0
298308,2014-01-14 08:00:00,48,24,165.357,101.94681661900935,1.161979026558244,0.8081052696369351,176.94681661900935,0.0,0.0,165.357,0.0,0.0,165.357,0.0,1000.0,1000.0,0.0,4315.670445066507,0.0015170574188232422,2,0.0
298309,2014-01-14 09:00:00,48,24,74.911,95.70024832736183,2.7363277717765246,0.5894388206697612,170.70024832736183,0.0,0.0,74.911,0.0,0.0,74.911,0.0,1000.0,1000.0,0.0,4315.670445066507,0.0015170574188232422,2,0.0
298310,2014-01-14 10:00:00,48,24,64.497,91.29253868877322,0.5341036818204747,0.7931444373371224,166.29253868877322,0.0,0.0,64.497,0.0,0.0,64.497,0.0,1000.0,1000.0,0.0,4315.670445066507,0.0015170574188232422,2,0.0
298311,2014-01-14 11:00:00,48,24,158.714,89.71160024352723,0.8596477866682013,0.8411116201861653,164.71160024352724,0.0,0.0,158.714,0.0,0.0,158.714,0.0,1000.0,1000.0,0.0,4315.670445066507,0.0015170574188232422,2,0.0
298312,2014-01-14 12:00:00,48,24,181.267,87.82244432337197,0.4634855159197961,0.8671190959526882,162.82244432337197,0.0,0.0,162.82244432337197,0.0,0.0,162.82244432337197,18.444555676628028,1000.0,1000.0,0.0,4315.670445066507,0.0015170574188232422,2,0.0
298313,2014-01-14 13:00:00,48,24,196.679,89.09986243735301,-0.05340146299088723,0.9806878884952663,164.099862437353,0.0,0.0,164.099862437353,0.0,0.0,164.099862437353,32.57913756264699,1000.0,1000.0,0.0,4315.670445066507,0.0015170574188232422,2,0.0
298314,2014-01-14 14:00:00,48,24,204.138,91.28637185000652,0.2146744749027774,0.9678183163696714,166.2863718500065,0.0,0.0,166.2863718500065,0.0,0.0,166.2863718500065,37.8516281499935,1000.0,1000.0,0.0,4315.670445066507,0.0015170574188232422,2,0.0
298315,2014-01-14 15:00:00,48,24,207.281,92.68404588578036,0.3832794275365959,0.9889669456761836,167.68404588578036,0.0,0.0,167.68404588578036,0.0,0.0,167.68404588578036,39.59695411421964,1000.0,1000.0,0.0,4315.670445066507,0.0015170574188232422,2,0.0
298316,2014-01-14 16:00:00,48,24,207.038,94.26086321936616,0.5842399080526085,0.7458823026522559,169.26086321936617,0.0,0.0,169.26086321936617,0.0,0.0,169.26086321936617,37.77713678063384,1000.0,1000.0,0.0,4315.670445066507,0.0015170574188232422,2,0.0
298317,2014-01-14 17:00:00,48,24,159.371,97.54500400239463,0.2523434335105795,0.9057119234069785,172.54500400239465,0.0,0.0,159.371,0.0,0.0,159.371,0.0,1000.0,1000.0,0.0,4315.670445066507,0.0015170574188232422,2,0.0
298318,2014-01-14 18:00:00,48,24,110.681,102.37384362864374,-0.026299997893232962,0.8446142231498536,177.37384362864373,0.0,0.0,110.681,0.0,0.0,110.681,0.0,1000.0,1000.0,0.0,4315.670445066507,0.0015170574188232422,2,0.0
298319,2014-01-14 19:00:00,48,24,149.203,108.4882331497154,0.5011841584981324,0.7068165886267403,183.4882331497154,0.0,0.0,149.203,0.0,0.0,149.203,0.0,1000.0,1000.0,0.0,4315.670445066507,0.0015170574188232422,2,0.0
298320,2014-01-14 20:00:00,48,24,176.363,116.54941200688113,0.32592999646467036,0.7596735730704076,191.54941200688114,0.0,0.0,176.363,0.0,0.0,176.363,0.0,1000.0,1000.0,0.0,4315.670445066507,0.0015170574188232422,2,0.0
298321,2014-01-14 21:00:00,48,24,139.165,125.3596443386306,0.9939083853940397,0.6412924592037605,200.3596443386306,0.0,0.0,139.165,0.0,0.0,139.165,0.0,1000.0,1000.0,0.0,4315.670445066507,0.0015170574188232422,2,0.0
298322,2014-01-14 22:00:00,48,24,76.573,133.09356351831397,0.6624868543805568,0.8690741393677042,208.09356351831397,0.0,0.0,76.573,0.0,0.0,76.573,0.0,1000.0,1000.0,0.0,4315.670445066507,0.0015170574188232422,2,0.0
298323,2014-01-14 23:00:00,48,24,34.765,138.66548518973104,0.9068156158469232,0.865894502561821,213.66548518973104,0.0,0.0,34.765,0.0,0.0,34.765,0.0,1000.0,1000.0,0.0,4315.670445066507,0.0015170574188232422,2,0.0
298324,2014-01-15 00:00:00,48,24,20.042,32.965369402269054,0.6616853871761353,0.7268367671413862,107.96536940226906,0.0,0.0,20.042,0.0,0.0,20.042,0.0,1000.0,1000.0,0.0,3197.9760810326266,0.001363992691040039,2,0.0
298325,2014-01-15 01:00:00,48,24,17.102,38.65822113338121,0.4988688087964706,0.7068590501546004,113.6582211333812,0.0,0.0,17.102,0.0,0.0,17.102,0.0,1000.0,1000.0,0.0,3197.9760810326266,0.001363992691040039,2,0.0
298326,2014-01-15 02:00:00,48,24,19.533,44.978935856765844,0.3196666786819704,0.694692215920923,119.97893585676584,0.0,0.0,19.533,0.0,0.0,19.533,0.0,1000.0,1000.0,0.0,3197.9760810326266,0.001363992691040039,2,0.0
298327,2014-01-15 03:00:00,48,24,20.823,49.00753431424323,0.7737423759424497,0.7044148404980324,124.00753431424323,0.0,0.0,20.823,0.0,0.0,20.823,0.0,1000.0,1000.0,0.0,3197.9760810326266,0.001363992691040039,2,0.0
298328,2014-01-15 04:00:00,48,24,22.989,53.25697475593995,-0.03520518905346985,0.6673492448861917,128.25697475593995,0.0,0.0,22.989,0.0,0.0,22.989,0.0,1000.0,1000.0,0.0,3197.9760810326266,0.001363992691040039,2,0.0
298329,2014-01-15 05:00:00,48,24,20.268,54.10488023525856,-0.03930157698717883,0.8297763341528928,129.10488023525858,0.0,0.0,20.268,0.0,0.0,20.268,0.0,1000.0,1000.0,0.0,3197.9760810326266,0.001363992691040039,2,0.0
298330,2014-01-15 06:00:00,48,24,19.676,54.67975639346943,-0.01074559733335252,0.8859780527123713,129.67975639346943,0.0,0.0,19.676,0.0,0.0,19.676,0.0,1000.0,1000.0,0.0,3197.9760810326266,0.001363992691040039,2,0.0
298331,2014-01-15 07:00:00,48,24,13.104,51.916983375853434,0.7755827821155651,0.7524787187203762,126.91698337585343,0.0,0.0,13.104,0.0,0.0,13.104,0.0,1000.0,1000.0,0.0,3197.9760810326266,0.001363992691040039,2,0.0
298332,2014-01-15 08:00:00,48,24,13.05,51.86888314935119,0.7346782707195437,0.9018172730256842,126.86888314935119,0.0,0.0,13.05,0.0,0.0,13.05,0.0,1000.0,1000.0,0.0,3197.9760810326266,0.001363992691040039,2,0.0
298333,2014-01-15 09:00:00,48,24,36.796,50.98514241995663,0.10324084951767973,0.7928957224812311,125.98514241995663,0.0,0.0,36.796,0.0,0.0,36.796,0.0,1000.0,1000.0,0.0,3197.9760810326266,0.001363992691040039,2,0.0
298334,2014-01-15 10:00:00,48,24,29.101,51.58458528121028,0.8190697989480554,0.8848884986449356,126.58458528121028,0.0,0.0,29.101,0.0,0.0,29.101,0.0,1000.0,1000.0,0.0,3197.9760810326266,0.001363992691040039,2,0.0
298335,2014-01-15 11:00:00,48,24,34.908,52.17956497171538,0.6872432858060152,0.9885535465482542,127.17956497171538,0.0,0.0,34.908,0.0,0.0,34.908,0.0,1000.0,1000.0,0.0,3197.9760810326266,0.001363992691040039,2,0.0
298336,2014-01-15 12:00:00,48,24,59.763,51.77133445737094,0.6612104436475894,1.0169301846688197,126.77133445737094,0.0,0.0,59.763,0.0,0.0,59.763,0.0,1000.0,1000.0,0.0,3197.9760810326266,0.001363992691040039,2,0.0
298337,2014-01-15 13:00:00,48,24,82.333,52.3445740964269,0.6221166544541494,1.0383273624603246,127.3445740964269,0.0,0.0,82.333,0.0,0.0,82.333,0.0,1000.0,1000.0,0.0,3197.9760810326266,0.001363992691040039,2,0.0
298338,2014-01-15 14:00:00,48,24,151.572,52.284461468513506,0.5775652552496502,1.0855021677737184,127.28446146851351,0.0,0.0,127.28446146851351,0.0,0.0,127.28446146851351,24.28753853148649,1000.0,1000.0,0.0,3197.9760810326266,0.001363992691040039,2,0.0
298339,2014-01-15 15:00:00,48,24,186.644,53.91933269924291,0.631199949437591,1.0931276293702594,128.91933269924291,0.0,0.0,128.91933269924291,0.0,0.0,128.91933269924291,57.72466730075709,1000.0,1000.0,0.0,3197.9760810326266,0.001363992691040039,2,0.0
298340,2014-01-15 16:00:00,48,24,175.355,57.99132379482407,0.714522854726874,0.9201298345240956,132.99132379482407,0.0,0.0,132.99132379482407,0.0,0.0,132.99132379482407,42.36367620517592,1000.0,1000.0,0.0,3197.9760810326266,0.001363992691040039,2,0.0
298341,2014-01-15 17:00:00,48,24,164.281,63.60523875339454,0.6222650743068201,0.9381834397178322,138.60523875339453,0.0,0.0,138.60523875339453,0.0,0.0,138.60523875339453,25.675761246605475,1000.0,1000.0,0.0,3197.9760810326266,0.001363992691040039,2,0.0
298342,2014-01-15 18:00:00,48,24,164.726,71.77380279564416,0.6106289578574438,0.9927533150854178,146.77380279564414,0.0,0.0,146.77380279564414,0.0,0.0,146.77380279564414,17.952197204355855,1000.0,1000.0,0.0,3197.9760810326266,0.001363992691040039,2,0.0
298343,2014-01-15 19:00:00,48,24,195.729,79.42305973597456,0.8492264296283758,0.8608383932673678,154.42305973597456,0.0,0.0,154.42305973597456,0.0,0.0,154.42305973597456,41.30594026402545,1000.0,1000.0,0.0,3197.9760810326266,0.001363992691040039,2,0.0
298344,2014-01-15 20:00:00,48,24,204.437,88.22213306816262,0.6350291816364929,0.8509149760757064,163.22213306816263,0.0,0.0,163.22213306816263,0.0,0.0,163.22213306816263,41.21486693183738,1000.0,1000.0,0.0,3197.9760810326266,0.001363992691040039,2,0.0
298345,2014-01-15 21:00:00,48,24,206.096,95.58987141798785,0.6164173321115978,0.667639287170207,170.58987141798787,0.0,0.0,170.58987141798787,0.0,0.0,170.58987141798787,35.50612858201214,1000.0,1000.0,0.0,3197.9760810326266,0.001363992691040039,2,0.0
298346,2014-01-15 22:00:00,48,24,201.158,99.5311749195045,0.7507966667195726,0.9435191706579336,174.5311749195045,0.0,0.0,174.5311749195045,0.0,0.0,174.5311749195045,26.62682508049548,1000.0,1000.0,0.0,3197.9760810326266,0.001363992691040039,2,0.0
298347,2014-01-15 23:00:00,48,24,195.68,105.24521768181499,0.6111039013859898,0.8479664021966763,180.245217681815,0.0,0.0,180.245217681815,0.0,0.0,180.245217681815,15.434782318185,1000.0,1000.0,0.0,3197.9760810326266,0.001363992691040039,2,0.0
298348,2014-01-16 00:00:00,48,24,182.496,190.0514044103329,0.5352910406418397,0.6676824857072595,249.0,0.0,0.0,182.496,0.0,0.0,182.496,0.0,1000.0,1000.0,0.0,4514.025049960988,0.0018110275268554688,2,0.0
298349,2014-01-16 01:00:00,48,24,182.725,186.53727458791798,0.5605595205590118,0.6509286025129949,249.0,0.0,0.0,182.725,0.0,0.0,182.725,0.0,1000.0,1000.0,1.0,4514.025049960988,0.0018110275268554688,2,0.0
298350,2014-01-16 02:00:00,48,24,176.465,182.37093049991222,0.5265936372753416,0.6969514278739123,249.0,0.0,0.0,176.465,0.0,0.0,176.465,0.0,1000.0,1000.0,0.0,4514.025049960988,0.0018110275268554688,2,0.0
298351,2014-01-16 03:00:00,48,24,171.249,175.39178636784723,0.6419409800062459,0.680713511511448,249.0,0.0,0.0,171.249,0.0,0.0,171.249,0.0,1000.0,1000.0,0.0,4514.025049960988,0.0018110275268554688,2,0.0
298352,2014-01-16 04:00:00,48,24,140.503,165.24016569628833,0.60872918374326,0.6503392265689452,240.24016569628833,0.0,0.0,140.503,0.0,0.0,140.503,0.0,1000.0,1000.0,1.0,4514.025049960988,0.0018110275268554688,2,0.0
298353,2014-01-16 05:00:00,48,24,90.139,154.53563121344456,0.6268957737101432,0.7935068905762158,229.53563121344456,0.0,0.0,90.139,0.0,0.0,90.139,0.0,1000.0,1000.0,0.0,4514.025049960988,0.0018110275268554688,2,0.0
298354,2014-01-16 06:00:00,48,24,46.558,145.14338869641392,0.5980429543509757,0.740634112151317,220.14338869641392,0.0,0.0,46.558,0.0,0.0,46.558,0.0,1000.0,1000.0,0.0,4514.025049960988,0.0018110275268554688,2,0.0
298355,2014-01-16 07:00:00,48,24,20.69,135.10455820090402,0.6839780490472617,0.6583558842527346,210.10455820090402,0.0,0.0,20.69,0.0,0.0,20.69,0.0,1000.0,1000.0,0.0,4514.025049960988,0.0018110275268554688,2,0.0
298356,2014-01-16 08:00:00,48,24,5.62,126.1305825966277,0.6366914839864039,0.7728276023847942,201.1305825966277,0.0,0.0,5.62,0.0,0.0,5.62,0.0,1000.0,1000.0,0.0,4514.025049960988,0.0018110275268554688,2,0.0
298357,2014-01-16 09:00:00,48,24,37.577,120.46903235437708,0.5909188014227863,0.647209103311893,195.46903235437708,0.0,0.0,37.577,0.0,0.0,37.577,0.0,1000.0,1000.0,0.0,4514.025049960988,0.0018110275268554688,2,0.0
298358,2014-01-16 10:00:00,48,24,81.17,114.78907188324439,0.7133948638465776,0.790693896016765,189.7890718832444,0.0,0.0,81.17,0.0,0.0,81.17,0.0,1000.0,1000.0,0.0,4514.025049960988,0.0018110275268554688,2,0.0
298359,2014-01-16 11:00:00,48,24,57.736,111.07846686133263,0.6974842556402877,0.8498910307825172,186.07846686133263,0.0,0.0,57.736,0.0,0.0,57.736,0.0,1000.0,1000.0,0.0,4514.025049960988,0.0018110275268554688,2,0.0
298360,2014-01-16 12:00:00,48,24,72.954,106.35640636012413,0.5517062763472096,0.9112203236896701,181.35640636012414,0.0,0.0,72.954,0.0,0.0,72.954,0.0,1000.0,1000.0,0.0,4514.025049960988,0.0018110275268554688,2,0.0
298361,2014-01-16 13:00:00,48,24,116.367,104.73405182821496,0.38802886282205556,0.9797360088109581,179.73405182821494,0.0,0.0,116.367,0.0,0.0,116.367,0.0,1000.0,1000.0,0.0,4514.025049960988,0.0018110275268554688,2,0.0
298362,2014-01-16 14:00:00,48,24,174.846,102.9518771008008,0.5690120311686034,1.0184101918460602,177.9518771008008,0.0,0.0,174.846,0.0,0.0,174.846,0.0,1000.0,1000.0,0.0,4514.025049960988,0.0018110275268554688,2,0.0
298363,2014-01-16 15:00:00,48,24,189.719,103.30526708777857,0.4904088771942457,1.0358291819332295,178.3052670877786,0.0,0.0,178.3052670877786,0.0,0.0,178.3052670877786,11.413732912221406,1000.0,1000.0,0.0,4514.025049960988,0.0018110275268554688,2,0.0
298364,2014-01-16 16:00:00,48,24,194.096,104.20475881681952,0.7040444131283288,0.8189754386537056,179.20475881681952,0.0,0.0,179.20475881681952,0.0,0.0,179.20475881681952,14.891241183180483,1000.0,1000.0,0.0,4514.025049960988,0.0018110275268554688,2,0.0
298365,2014-01-16 17:00:00,48,24,139.935,107.21165223321816,0.472390707080033,0.9105717338660542,182.21165223321816,0.0,0.0,139.935,0.0,0.0,139.935,0.0,1000.0,1000.0,0.0,4514.025049960988,0.0018110275268554688,2,0.0
298366,2014-01-16 18:00:00,48,24,106.806,112.49093846791459,0.41376486527514034,0.8530841111381607,187.4909384679146,0.0,0.0,106.806,0.0,0.0,106.806,0.0,1000.0,1000.0,0.0,4514.025049960988,0.0018110275268554688,2,0.0
298367,2014-01-16 19:00:00,48,24,105.443,116.71548173592036,0.6158556200537982,0.7868262938951651,191.71548173592038,0.0,0.0,105.443,0.0,0.0,105.443,0.0,1000.0,1000.0,0.0,4514.025049960988,0.0018110275268554688,2,0.0
298368,2014-01-16 20:00:00,48,24,92.796,120.99909611364902,0.49213054748522483,0.7985615815938168,195.99909611364902,0.0,0.0,92.796,0.0,0.0,92.796,0.0,1000.0,1000.0,0.0,4514.025049960988,0.0018110275268554688,2,0.0
298369,2014-01-16 21:00:00,48,24,74.419,125.33494147693031,0.8093585738186996,0.6619473887045706,200.3349414769303,0.0,0.0,74.419,0.0,0.0,74.419,0.0,1000.0,1000.0,0.0,4514.025049960988,0.0018110275268554688,2,0.0
298370,2014-01-16 22:00:00,48,24,62.164,124.91515587294933,0.763204566402836,0.8893581198158576,199.91515587294933,0.0,0.0,62.164,0.0,0.0,62.164,0.0,1000.0,1000.0,0.0,4514.025049960988,0.0018110275268554688,2,0.0
298371,2014-01-16 23:00:00,48,24,31.005,126.29408486218028,0.7924729613494812,0.8250098944653014,201.29408486218028,0.0,0.0,31.005,0.0,0.0,31.005,0.0,1000.0,1000.0,0.0,4514.025049960988,0.0018110275268554688,2,0.0
298372,2014-01-17 00:00:00,48,24,12.616,31.35580978003413,0.6384725222184512,0.7647271513254003,106.35580978003412,0.0,0.0,12.616,0.0,0.0,12.616,0.0,1000.0,1000.0,0.0,3080.604800129472,0.0012638568878173828,2,0.0
298373,2014-01-17 01:00:00,48,24,0.359,36.48003632685126,0.6064944048187624,0.7085224343760052,111.48003632685126,0.0,0.0,0.359,0.0,0.0,0.359,0.0,1000.0,1000.0,0.0,3080.604800129472,0.0012638568878173828,2,0.0
298374,2014-01-17 02:00:00,48,24,0.0,39.53039564901754,0.5345786253490208,0.7577555897536579,114.53039564901755,0.0,0.0,0.0,0.0,0.0,0.0,0.0,1000.0,1000.0,0.0,3080.604800129472,0.0012638568878173828,2,0.0
298375,2014-01-17 03:00:00,48,24,0.0,40.82085667333451,0.6763195846494579,0.7106091785439959,115.8208566733345,0.0,0.0,0.0,0.0,0.0,0.0,0.0,1000.0,1000.0,0.0,3080.604800129472,0.0012638568878173828,2,0.0
298376,2014-01-17 04:00:00,48,24,0.0,41.806342985994554,0.4191970318828847,0.7142115712686556,116.80634298599455,0.0,0.0,0.0,0.0,0.0,0.0,0.0,1000.0,1000.0,0.0,3080.604800129472,0.0012638568878173828,2,0.0
298377,2014-01-17 05:00:00,48,24,0.851,40.65214361058384,0.3872570795881683,0.7805026376757042,115.65214361058383,0.0,0.0,0.851,0.0,0.0,0.851,0.0,1000.0,1000.0,0.0,3080.604800129472,0.0012638568878173828,2,0.0
298378,2014-01-17 06:00:00,48,24,8.187,40.02310435142478,0.4720048154630895,0.8118252548264822,115.02310435142478,0.0,0.0,8.187,0.0,0.0,8.187,0.0,1000.0,1000.0,0.0,3080.604800129472,0.0012638568878173828,2,0.0
298379,2014-01-17 07:00:00,48,24,7.943,39.584498878098486,0.7561991493567829,0.7331408233914801,114.58449887809849,0.0,0.0,7.943,0.0,0.0,7.943,0.0,1000.0,1000.0,0.0,3080.604800129472,0.0012638568878173828,2,0.0
298380,2014-01-17 08:00:00,48,24,7.319,39.04715656597436,0.6446764720600828,0.797909268610268,114.04715656597436,0.0,0.0,7.319,0.0,0.0,7.319,0.0,1000.0,1000.0,0.0,3080.604800129472,0.0012638568878173828,2,0.0
298381,2014-01-17 09:00:00,48,24,2.228,38.354061827459084,0.44606102521626606,0.704467562992355,113.35406182745908,0.0,0.0,2.228,0.0,0.0,2.228,0.0,1000.0,1000.0,0.0,3080.604800129472,0.0012638568878173828,2,0.0
298382,2014-01-17 10:00:00,48,24,0.0,39.54299104221387,0.5994084169955454,0.7803064510151825,114.54299104221387,0.0,0.0,0.0,0.0,0.0,0.0,0.0,1000.0,1000.0,0.0,3080.604800129472,0.0012638568878173828,2,0.0
298383,2014-01-17 11:00:00,48,24,0.005,41.81523022380589,0.5696650785203541,0.9078034750086801,116.81523022380588,0.0,0.0,0.005,0.0,0.0,0.005,0.0,1000.0,1000.0,0.0,3080.604800129472,0.0012638568878173828,2,0.0
298384,2014-01-17 12:00:00,48,24,0.0,42.02722247798422,0.5403076316621066,0.9257765081578847,117.02722247798422,0.0,0.0,0.0,0.0,0.0,0.0,0.0,1000.0,1000.0,0.0,3080.604800129472,0.0012638568878173828,2,0.0
298385,2014-01-17 13:00:00,48,24,0.0,43.9902508031868,0.4435675716913997,1.0099578324221354,118.9902508031868,0.0,0.0,0.0,0.0,0.0,0.0,0.0,1000.0,1000.0,0.0,3080.604800129472,0.0012638568878173828,2,0.0
298386,2014-01-17 14:00:00,48,24,2.706,45.97643587859005,0.44965278565089484,1.067754307197017,120.97643587859005,0.0,0.0,2.706,0.0,0.0,2.706,0.0,1000.0,1000.0,0.0,3080.604800129472,0.0012638568878173828,2,0.0
298387,2014-01-17 15:00:00,48,24,16.243,51.640932970566304,0.5203896874337101,1.0602514145282738,126.6409329705663,0.0,0.0,16.243,0.0,0.0,16.243,0.0,1000.0,1000.0,0.0,3080.604800129472,0.0012638568878173828,2,0.0
298388,2014-01-17 16:00:00,48,24,37.247,56.979107365076416,0.6401645085388961,0.8795017154626191,131.9791073650764,0.0,0.0,37.247,0.0,0.0,37.247,0.0,1000.0,1000.0,0.0,3080.604800129472,0.0012638568878173828,2,0.0
298389,2014-01-17 17:00:00,48,24,44.502,63.66366157721376,0.492427387190566,0.9219610677797068,138.66366157721376,0.0,0.0,44.502,0.0,0.0,44.502,0.0,1000.0,1000.0,0.0,3080.604800129472,0.0012638568878173828,2,0.0
298390,2014-01-17 18:00:00,48,24,37.652,71.3069534484112,0.453541385790865,0.9027655905837733,146.3069534484112,0.0,0.0,37.652,0.0,0.0,37.652,0.0,1000.0,1000.0,0.0,3080.604800129472,0.0012638568878173828,2,0.0
298391,2014-01-17 19:00:00,48,24,73.03,76.38313354829668,0.5730193671907101,0.8554855150374523,151.38313354829668,0.0,0.0,73.03,0.0,0.0,73.03,0.0,1000.0,1000.0,0.0,3080.604800129472,0.0012638568878173828,2,0.0
298392,2014-01-17 20:00:00,48,24,128.001,82.44953252748644,0.4394232327283665,0.8542544384533303,157.44953252748644,0.0,0.0,128.001,0.0,0.0,128.001,0.0,1000.0,1000.0,0.0,3080.604800129472,0.0012638568878173828,2,0.0
298393,2014-01-17 21:00:00,48,24,154.824,87.2575427047714,0.6100740959466907,0.7056792875827564,162.2575427047714,0.0,0.0,154.824,0.0,0.0,154.824,0.0,1000.0,1000.0,0.0,3080.604800129472,0.0012638568878173828,2,0.0
298394,2014-01-17 22:00:00,48,24,199.458,92.15025212000998,0.6676518652534941,0.9244215704800328,167.15025212000998,0.0,0.0,167.15025212000998,0.0,0.0,167.15025212000998,32.30774787999002,1000.0,1000.0,0.0,3080.604800129472,0.0012638568878173828,2,0.0
298395,2014-01-17 23:00:00,48,24,225.611,97.09811130928995,0.6230368575407071,0.890841427914929,172.09811130928995,0.0,0.0,172.09811130928995,0.0,0.0,172.09811130928995,53.51288869071004,1000.0,1000.0,0.0,3080.604800129472,0.0012638568878173828,2,0.0
298396,2014-01-18 00:00:00,48,24,234.205,227.8157027034141,0.5461553738573286,0.6434252128600586,249.0,0.0,0.0,234.205,0.0,0.0,234.205,0.0,1000.0,1000.0,0.0,4963.111946771744,0.0016300678253173828,2,0.0
298397,2014-01-18 01:00:00,48,24,224.577,224.1591918215077,0.5349348329954302,0.6345784737680532,249.0,0.0,0.0,224.577,0.0,0.0,224.577,0.0,1000.0,1000.0,1.0,4963.111946771744,0.0016300678253173828,2,0.0
298398,2014-01-18 02:00:00,48,24,233.099,216.31669344030905,0.5371017628444211,0.6769905490368511,249.0,0.0,0.0,233.099,0.0,0.0,233.099,0.0,1000.0,1000.0,0.0,4963.111946771744,0.0016300678253173828,2,0.0
298399,2014-01-18 03:00:00,48,24,223.759,206.54105523406184,0.5522702717873581,0.647912081623492,249.0,0.0,0.0,223.759,0.0,0.0,223.759,0.0,1000.0,1000.0,0.0,4963.111946771744,0.0016300678253173828,2,0.0
298400,2014-01-18 04:00:00,48,24,195.832,194.50228533610561,0.47687298663068567,0.6592705609025324,249.0,0.0,0.0,195.832,0.0,0.0,195.832,0.0,1000.0,1000.0,1.0,4963.111946771744,0.0016300678253173828,2,0.0
298401,2014-01-18 05:00:00,48,24,184.914,182.10405869633263,0.4444877747779574,0.7098876177737148,249.0,0.0,0.0,184.914,0.0,0.0,184.914,0.0,1000.0,1000.0,0.0,4963.111946771744,0.0016300678253173828,2,0.0
298402,2014-01-18 06:00:00,48,24,176.603,169.5804135927487,0.5185195972900603,0.7503056891131056,244.5804135927487,0.0,0.0,176.603,0.0,0.0,176.603,0.0,1000.0,1000.0,0.0,4963.111946771744,0.0016300678253173828,2,0.0
298403,2014-01-18 07:00:00,48,24,183.696,157.58991531598494,0.6417971269182728,0.6420511061696283,232.58991531598494,0.0,0.0,183.696,0.0,0.0,183.696,0.0,1000.0,1000.0,0.0,4963.111946771744,0.0016300678253173828,2,0.0
298404,2014-01-18 08:00:00,48,24,177.348,145.83143350974598,0.5350512854952179,0.7380818630895739,220.83143350974598,0.0,0.0,177.348,0.0,0.0,177.348,0.0,1000.0,1000.0,0.0,4963.111946771744,0.0016300678253173828,2,0.0
298405,2014-01-18 09:00:00,48,24,138.834,137.90105141671472,0.4772291942770952,0.6098956725094681,212.90105141671472,0.0,0.0,138.834,0.0,0.0,138.834,0.0,1000.0,1000.0,0.0,4963.111946771744,0.0016300678253173828,2,0.0
298406,2014-01-18 10:00:00,48,24,87.819,129.21634083378478,0.9889808462853754,0.6952142334717734,204.21634083378478,0.0,0.0,87.819,0.0,0.0,87.819,0.0,1000.0,1000.0,0.0,4963.111946771744,0.0016300678253173828,2,0.0
298407,2014-01-18 11:00:00,48,24,82.417,124.95858986155389,1.3730617410263926,0.8304057483007776,199.9585898615539,0.0,0.0,82.417,0.0,0.0,82.417,0.0,1000.0,1000.0,0.0,4963.111946771744,0.0016300678253173828,2,0.0
298408,2014-01-18 12:00:00,48,24,71.315,119.68645523814689,0.6667613461374705,0.8183799934031737,194.6864552381469,0.0,0.0,71.315,0.0,0.0,71.315,0.0,1000.0,1000.0,0.0,4963.111946771744,0.0016300678253173828,2,0.0
298409,2014-01-18 13:00:00,48,24,46.757,114.9422269361741,0.480316327212644,0.9755501199407418,189.9422269361741,0.0,0.0,46.757,0.0,0.0,46.757,0.0,1000.0,1000.0,0.0,4963.111946771744,0.0016300678253173828,2,0.0
298410,2014-01-18 14:00:00,48,24,21.642,112.52927665164881,0.8519299543293296,1.0287063128334082,187.52927665164881,0.0,0.0,21.642,0.0,0.0,21.642,0.0,1000.0,1000.0,0.0,4963.111946771744,0.0016300678253173828,2,0.0
298411,2014-01-18 15:00:00,48,24,9.411,110.53530975873747,0.6290330195886001,0.9992999125988606,185.53530975873747,0.0,0.0,9.411,0.0,0.0,9.411,0.0,1000.0,1000.0,0.0,4963.111946771744,0.0016300678253173828,2,0.0
298412,2014-01-18 16:00:00,48,24,0.322,110.01769577658735,1.3031263064479985,0.8128013580924904,185.01769577658735,0.0,0.0,0.322,0.0,0.0,0.322,0.0,1000.0,1000.0,0.0,4963.111946771744,0.0016300678253173828,2,0.0
298413,2014-01-18 17:00:00,48,24,0.635,111.28505258511512,0.61600175652412,0.9053806617103901,186.28505258511512,0.0,0.0,0.635,0.0,0.0,0.635,0.0,1000.0,1000.0,0.0,4963.111946771744,0.0016300678253173828,2,0.0
298414,2014-01-18 18:00:00,48,24,1.367,115.23950930403647,0.5652421669107698,0.8585200004083668,190.23950930403646,0.0,0.0,1.367,0.0,0.0,1.367,0.0,1000.0,1000.0,0.0,4963.111946771744,0.0016300678253173828,2,0.0
298415,2014-01-18 19:00:00,48,24,0.696,122.35734818643891,0.8601820981378159,0.8077787365020865,197.3573481864389,0.0,0.0,0.696,0.0,0.0,0.696,0.0,1000.0,1000.0,0.0,4963.111946771744,0.0016300678253173828,2,0.0
298416,2014-01-18 20:00:00,48,24,0.291,128.79083159340837,0.6716592012756006,0.8318169278282095,203.79083159340837,0.0,0.0,0.291,0.0,0.0,0.291,0.0,1000.0,1000.0,0.0,4963.111946771744,0.0016300678253173828,2,0.0
298417,2014-01-18 21:00:00,48,24,2.483,136.982981256594,1.5601894912735037,0.6910940214476418,211.982981256594,0.0,0.0,2.483,0.0,0.0,2.483,0.0,1000.0,1000.0,0.0,4963.111946771744,0.0016300678253173828,2,0.0
298418,2014-01-18 22:00:00,48,24,1.989,142.13172282199326,1.3258345439066028,0.8820408129710565,217.13172282199326,0.0,0.0,1.989,0.0,0.0,1.989,0.0,1000.0,1000.0,0.0,4963.111946771744,0.0016300678253173828,2,0.0
298419,2014-01-18 23:00:00,48,24,0.878,145.31161670683252,1.9888853937273079,0.9052806818225486,220.31161670683252,0.0,0.0,0.878,0.0,0.0,0.878,0.0,1000.0,1000.0,0.0,4963.111946771744,0.0016300678253173828,2,0.0
298420,2014-01-19 00:00:00,48,24,3.995,10.80571439650133,1.0447867108895266,1.442746361986527,85.80571439650133,0.0,0.0,3.995,0.0,0.0,3.995,0.0,1000.0,1000.0,0.0,3612.921899612435,0.0011889934539794922,2,0.0
298421,2014-01-19 01:00:00,48,24,3.636,21.274859909091404,0.9300878487456754,1.4734995359689715,96.2748599090914,0.0,100.0,3.636,0.0,100.0,103.636,0.0,1000.0,818.1818181818182,0.0,3612.921899612435,0.0011889934539794922,2,0.0
298422,2014-01-19 02:00:00,48,24,0.354,26.93859783167113,0.5846851676106202,1.331124754825334,101.93859783167113,0.0,0.0,0.354,0.0,0.0,0.354,0.0,818.1818181818182,818.1818181818182,0.0,3612.921899612435,0.0011889934539794922,2,0.0
298423,2014-01-19 03:00:00,48,24,0.0,29.593135254923453,1.1334801314631375,1.2877211474654895,104.59313525492345,0.0,0.0,0.0,0.0,0.0,0.0,0.0,818.1818181818182,818.1818181818182,0.0,3612.921899612435,0.0011889934539794922,2,0.0
298424,2014-01-19 04:00:00,48,24,0.0,32.108487956299044,0.513176482593918,1.3365969639875366,107.10848795629904,0.0,0.0,0.0,0.0,0.0,0.0,0.0,818.1818181818182,818.1818181818182,0.0,3612.921899612435,0.0011889934539794922,2,0.0
298425,2014-01-19 05:00:00,48,24,0.0,32.83863530770272,0.4988688087964706,1.2837157819741252,107.83863530770272,0.0,0.0,0.0,0.0,0.0,0.0,0.0,818.1818181818182,818.1818181818182,0.0,3612.921899612435,0.0011889934539794922,2,0.0
298426,2014-01-19 06:00:00,48,24,0.0,33.29908452422564,0.5543481497247467,1.46845971631214,108.29908452422563,0.0,53.02581860249063,0.0,0.0,53.02581860249063,53.02581860249063,0.0,818.1818181818182,721.7712389045626,0.0,3612.921899612435,0.0011889934539794922,2,0.0
298427,2014-01-19 07:00:00,48,24,0.401,35.97411172707044,1.4663881443856752,1.229094006406418,110.97411172707044,0.0,0.0,0.401,0.0,0.0,0.401,0.0,721.7712389045626,721.7712389045626,0.0,3612.921899612435,0.0011889934539794922,2,0.0
298428,2014-01-19 08:00:00,48,24,23.891,37.59301476720012,1.380060908815491,1.4469022650807948,112.59301476720012,0.0,0.0,23.891,0.0,0.0,23.891,0.0,721.7712389045626,721.7712389045626,0.0,3612.921899612435,0.0011889934539794922,2,0.0
298429,2014-01-19 09:00:00,48,24,32.485,36.15033728942946,0.5987553696437946,1.2510093219188667,111.15033728942946,0.0,0.0,32.485,0.0,0.0,32.485,0.0,721.7712389045626,721.7712389045626,0.0,3612.921899612435,0.0011889934539794922,2,0.0
298430,2014-01-19 10:00:00,48,24,42.887,36.38604246732244,0.7264261269110575,1.2228819793686445,111.38604246732244,0.0,0.0,42.887,0.0,0.0,42.887,0.0,721.7712389045626,721.7712389045626,0.0,3612.921899612435,0.0011889934539794922,2,0.0
298431,2014-01-19 11:00:00,48,24,45.709,39.7823470960233,1.0223753131362636,1.4084257386372867,114.7823470960233,0.0,0.0,45.709,0.0,0.0,45.709,0.0,721.7712389045626,721.7712389045626,0.0,3612.921899612435,0.0011889934539794922,2,0.0
298432,2014-01-19 12:00:00,48,24,60.975,40.75728017012227,0.7532604362739045,1.304957603958132,115.75728017012227,0.0,0.0,60.975,0.0,0.0,60.975,0.0,721.7712389045626,721.7712389045626,0.0,3612.921899612435,0.0011889934539794922,2,0.0
298433,2014-01-19 13:00:00,48,24,86.316,40.42801308274126,0.0279029323020756,1.4460712298644076,115.42801308274126,0.0,0.0,86.316,0.0,0.0,86.316,0.0,721.7712389045626,721.7712389045626,0.0,3612.921899612435,0.0011889934539794922,2,0.0
298434,2014-01-19 14:00:00,48,24,102.942,41.77259068620988,0.5794014208555464,1.4339749595843454,116.77259068620988,0.0,0.0,102.942,0.0,0.0,102.942,0.0,721.7712389045626,721.7712389045626,0.0,3612.921899612435,0.0011889934539794922,2,0.0
298435,2014-01-19 15:00:00,48,24,113.878,45.98568166157167,0.7334612279276447,1.4245455734552346,120.98568166157168,0.0,0.0,113.878,0.0,0.0,113.878,0.0,721.7712389045626,721.7712389045626,0.0,3612.921899612435,0.0011889934539794922,2,0.0
298436,2014-01-19 16:00:00,48,24,122.592,50.65819947868361,0.6375820031024276,1.2722747291981027,125.65819947868361,0.0,0.0,122.592,0.0,0.0,122.592,0.0,721.7712389045626,721.7712389045626,0.0,3612.921899612435,0.0011889934539794922,2,0.0
298437,2014-01-19 17:00:00,48,24,128.306,57.4498725107229,0.4315158796545458,1.1330388121740167,132.4498725107229,0.0,0.0,128.306,0.0,0.0,128.306,0.0,721.7712389045626,721.7712389045626,0.0,3612.921899612435,0.0011889934539794922,2,0.0
298438,2014-01-19 18:00:00,48,24,153.333,64.58105128825069,0.10669789039373066,1.1289317139960224,139.5810512882507,0.0,0.0,139.5810512882507,0.0,0.0,139.5810512882507,13.751948711749293,721.7712389045626,721.7712389045626,0.0,3612.921899612435,0.0011889934539794922,2,0.0
298439,2014-01-19 19:00:00,48,24,174.756,72.2065407466053,0.7810446326938437,1.039822625316424,147.2065407466053,0.0,0.0,147.2065407466053,0.0,0.0,147.2065407466053,27.5494592533947,721.7712389045626,721.7712389045626,0.0,3612.921899612435,0.0011889934539794922,2,0.0
298440,2014-01-19 20:00:00,48,24,178.098,81.80603423404949,0.6880287693339951,1.0345557596732848,156.8060342340495,0.0,0.0,156.8060342340495,0.0,0.0,156.8060342340495,21.291965765950522,721.7712389045626,721.7712389045626,0.0,3612.921899612435,0.0011889934539794922,2,0.0
298441,2014-01-19 21:00:00,48,24,182.237,89.28922259101468,0.9394839671108998,0.7875686738995847,75.0,89.28922259101468,0.0,75.0,89.28922259101468,0.0,75.0,17.947777408985317,721.7712389045626,811.0604614955772,1.0,3612.921899612435,0.0011889934539794922,2,0.0
298442,2014-01-19 22:00:00,48,24,182.583,98.28500010162864,0.8905191160236894,1.0063468678194747,173.28500010162864,0.0,0.0,173.28500010162864,0.0,0.0,173.28500010162864,9.297999898371359,811.0604614955772,811.0604614955772,0.0,3612.921899612435,0.0011889934539794922,2,0.0
298443,2014-01-19 23:00:00,48,24,182.627,105.39119093774931,0.9449595179832709,0.9999002364672664,180.39119093774931,0.0,0.0,180.39119093774931,0.0,0.0,180.39119093774931,2.235809062250695,811.0604614955772,811.0604614955772,0.0,3612.921899612435,0.0011889934539794922,2,0.0
298444,2014-01-20 00:00:00,48,24,182.445,179.76847826826253,0.7119700332609397,0.8002713338029234,249.0,0.0,0.0,182.445,0.0,0.0,182.445,0.0,811.0604614955772,811.0604614955772,1.0,5047.585228720969,0.0012412071228027344,2,0.0
298445,2014-01-20 01:00:00,48,24,182.577,176.2758931164397,0.5601068400083666,0.8049297194725511,249.0,0.0,0.0,182.577,0.0,0.0,182.577,0.0,811.0604614955772,811.0604614955772,0.0,5047.585228720969,0.0012412071228027344,2,0.0
298446,2014-01-20 02:00:00,48,24,182.135,171.0380273967047,0.049423810939314756,0.7722355399032591,246.0380273967047,0.0,0.0,182.135,0.0,0.0,182.135,0.0,811.0604614955772,811.0604614955772,1.0,5047.585228720969,0.0012412071228027344,2,0.0
298447,2014-01-20 03:00:00,48,24,181.122,164.34442968771134,1.1002660518178025,0.8488107573269321,239.34442968771134,0.0,0.0,181.122,0.0,0.0,181.122,0.0,811.0604614955772,811.0604614955772,1.0,5047.585228720969,0.0012412071228027344,2,0.0
298448,2014-01-20 04:00:00,48,24,170.171,155.9856223633357,0.08281827779020312,0.8020089880677778,230.9856223633357,0.0,0.0,170.171,0.0,0.0,170.171,0.0,811.0604614955772,811.0604614955772,0.0,5047.585228720969,0.0012412071228027344,2,0.0
298449,2014-01-20 05:00:00,48,24,159.524,148.31820433094032,0.02431117186744671,0.9052982757697131,223.31820433094032,0.0,0.0,159.524,0.0,0.0,159.524,0.0,811.0604614955772,811.0604614955772,0.0,5047.585228720969,0.0012412071228027344,2,0.0
298450,2014-01-20 06:00:00,48,24,174.895,139.79818649344816,0.06100055944762271,0.9753443846809468,214.79818649344816,0.0,0.0,174.895,0.0,0.0,174.895,0.0,811.0604614955772,811.0604614955772,0.0,5047.585228720969,0.0012412071228027344,2,0.0
298451,2014-01-20 07:00:00,48,24,167.507,131.62515203773194,1.1466833005987325,0.7941613911178558,206.62515203773194,0.0,0.0,167.507,0.0,0.0,167.507,0.0,811.0604614955772,811.0604614955772,0.0,5047.585228720969,0.0012412071228027344,2,0.0
298452,2014-01-20 08:00:00,48,24,141.888,123.89002378838765,0.9535085014970984,0.9836379597945114,198.89002378838765,0.0,0.0,141.888,0.0,0.0,141.888,0.0,811.0604614955772,811.0604614955772,0.0,5047.585228720969,0.0012412071228027344,2,0.0
298453,2014-01-20 09:00:00,48,24,103.337,117.46642973421726,0.24708937072603968,0.7779126116355944,192.46642973421726,0.0,0.0,103.337,0.0,0.0,103.337,0.0,811.0604614955772,811.0604614955772,0.0,5047.585228720969,0.0012412071228027344,2,0.0
298454,2014-01-20 10:00:00,48,24,59.441,111.35120092390214,0.3581074205236596,0.8346072237803124,186.35120092390213,0.0,0.0,59.441,0.0,0.0,59.441,0.0,811.0604614955772,811.0604614955772,0.0,5047.585228720969,0.0012412071228027344,2,0.0
298455,2014-01-20 11:00:00,48,24,34.724,108.98225267742069,0.49414905748154525,0.9906362993594727,183.9822526774207,0.0,0.0,34.724,0.0,0.0,34.724,0.0,811.0604614955772,811.0604614955772,0.0,5047.585228720969,0.0012412071228027344,2,0.0
298456,2014-01-20 12:00:00,48,24,20.566,105.65529551616892,0.4491778421223489,0.9728684990398517,180.6552955161689,0.0,0.0,20.566,0.0,0.0,20.566,0.0,811.0604614955772,811.0604614955772,0.0,5047.585228720969,0.0012412071228027344,2,0.0
298457,2014-01-20 13:00:00,48,24,37.816,103.05043648252024,0.4132602377760602,1.0943349120237058,178.05043648252024,0.0,0.0,37.816,0.0,0.0,37.816,0.0,811.0604614955772,811.0604614955772,0.0,5047.585228720969,0.0012412071228027344,2,0.0
298458,2014-01-20 14:00:00,48,24,63.197,102.12937589900491,-0.02920902700557701,1.1450752131697672,177.1293758990049,0.0,0.0,63.197,0.0,0.0,63.197,0.0,811.0604614955772,811.0604614955772,0.0,5047.585228720969,0.0012412071228027344,2,0.0
298459,2014-01-20 15:00:00,48,24,121.534,100.84282556899996,0.40420662676315255,1.1479014470335824,175.84282556899996,0.0,0.0,121.534,0.0,0.0,121.534,0.0,811.0604614955772,811.0604614955772,0.0,5047.585228720969,0.0012412071228027344,2,0.0
298460,2014-01-20 16:00:00,48,24,164.507,101.6748635188911,0.49109160851653066,0.9481336407861003,176.6748635188911,0.0,0.0,164.507,0.0,0.0,164.507,0.0,811.0604614955772,811.0604614955772,0.0,5047.585228720969,0.0012412071228027344,2,0.0
298461,2014-01-20 17:00:00,48,24,171.219,104.42677460569553,0.36704229565443053,1.0409823146049282,179.42677460569553,0.0,0.0,171.219,0.0,0.0,171.219,0.0,811.0604614955772,811.0604614955772,0.0,5047.585228720969,0.0012412071228027344,2,0.0
298462,2014-01-20 18:00:00,48,24,177.348,108.89693123310937,0.374374236376359,1.035162983229597,183.89693123310937,0.0,0.0,177.348,0.0,0.0,177.348,0.0,811.0604614955772,811.0604614955772,0.0,5047.585228720969,0.0012412071228027344,2,0.0
298463,2014-01-20 19:00:00,48,24,181.978,113.99518938786164,0.2072237982987125,0.9086451846370099,188.99518938786164,0.0,0.0,181.978,0.0,0.0,181.978,0.0,811.0604614955772,811.0604614955772,0.0,5047.585228720969,0.0012412071228027344,2,0.0
298464,2014-01-20 20:00:00,48,24,182.696,119.11555139921845,-0.052362524022192936,0.919694469910155,194.11555139921845,0.0,0.0,182.696,0.0,0.0,182.696,0.0,811.0604614955772,811.0604614955772,0.0,5047.585228720969,0.0012412071228027344,2,0.0
298465,2014-01-20 21:00:00,48,24,182.334,124.76254857910126,0.47687298663068556,0.7447852098545725,199.76254857910126,0.0,0.0,182.334,0.0,0.0,182.334,0.0,811.0604614955772,811.0604614955772,0.0,5047.585228720969,0.0012412071228027344,2,0.0
298466,2014-01-20 22:00:00,48,24,178.403,127.44896627313133,0.4206218624685227,0.9618509021928927,202.44896627313133,0.0,0.0,178.403,0.0,0.0,178.403,0.0,811.0604614955772,811.0604614955772,0.0,5047.585228720969,0.0012412071228027344,2,0.0
298467,2014-01-20 23:00:00,48,24,178.189,129.14882312002067,0.37989545489570586,0.968416486359536,204.14882312002067,0.0,0.0,178.189,0.0,0.0,178.189,0.0,811.0604614955772,811.0604614955772,0.0,5047.585228720969,0.0012412071228027344,2,0.0
298468,2014-01-21 00:00:00,48,24,164.427,174.2588077771593,0.3252175811718514,0.4229400947213915,149.2588077771593,100.0,0.0,64.42699999999999,100.0,0.0,64.42699999999999,0.0,811.0604614955772,911.0604614955772,1.0,4031.6560444365414,0.0013170242309570312,2,0.0
298469,2014-01-21 01:00:00,48,24,126.973,169.80430866151832,-0.004452595580118447,0.5145611552924723,244.80430866151832,0.0,0.0,126.973,0.0,0.0,126.973,0.0,911.0604614955772,911.0604614955772,1.0,4031.6560444365414,0.0013170242309570312,2,0.0
298470,2014-01-21 02:00:00,48,24,166.205,163.80769852905738,0.4772291942770952,0.5293585625042663,238.80769852905738,0.0,0.0,166.205,0.0,0.0,166.205,0.0,911.0604614955772,911.0604614955772,0.0,4031.6560444365414,0.0013170242309570312,2,0.0
298471,2014-01-21 03:00:00,48,24,176.803,154.25218405124502,0.5590382170691379,0.5599658820238571,229.25218405124502,0.0,0.0,176.803,0.0,0.0,176.803,0.0,911.0604614955772,911.0604614955772,0.0,4031.6560444365414,0.0013170242309570312,2,0.0
298472,2014-01-21 04:00:00,48,24,143.463,142.76402297828506,0.4218389052604216,0.5301418564902732,217.76402297828506,0.0,0.0,143.463,0.0,0.0,143.463,0.0,911.0604614955772,911.0604614955772,0.0,4031.6560444365414,0.0013170242309570312,2,0.0
298473,2014-01-21 05:00:00,48,24,108.159,131.54083064147193,0.3815874412161509,0.6898751445008628,206.54083064147193,0.0,0.0,108.159,0.0,0.0,108.159,0.0,911.0604614955772,911.0604614955772,0.0,4031.6560444365414,0.0013170242309570312,2,0.0
298474,2014-01-21 06:00:00,48,24,86.015,121.44018657337942,0.4293192658350207,0.6612729035215532,196.44018657337944,0.0,0.0,86.015,0.0,0.0,86.015,0.0,911.0604614955772,911.0604614955772,0.0,4031.6560444365414,0.0013170242309570312,2,0.0
298475,2014-01-21 07:00:00,48,24,57.595,112.24504986609523,0.22073000489173852,0.5096106974507708,98.30551136167244,88.93953850442279,0.0,0.0,57.595,0.0,0.0,0.0,911.0604614955772,968.6554614955772,1.0,4031.6560444365414,0.0013170242309570312,2,0.0
298476,2014-01-21 08:00:00,48,24,35.143,102.375739686445,0.5817464545277422,0.7056869857643788,177.375739686445,0.0,0.0,35.143,0.0,0.0,35.143,0.0,968.6554614955772,968.6554614955772,0.0,4031.6560444365414,0.0013170242309570312,2,0.0
298477,2014-01-21 09:00:00,48,24,14.203,94.30466783832702,0.39832920059739624,0.5274970921261015,169.30466783832702,0.0,0.0,14.203,0.0,0.0,14.203,0.0,968.6554614955772,968.6554614955772,0.0,4031.6560444365414,0.0013170242309570312,2,0.0
298478,2014-01-21 10:00:00,48,24,0.0,90.37008224935009,0.7223000550068144,0.7157848753368226,165.3700822493501,0.0,0.0,0.0,0.0,0.0,0.0,0.0,968.6554614955772,968.6554614955772,0.0,4031.6560444365414,0.0013170242309570312,2,0.0
298479,2014-01-21 11:00:00,48,24,0.0,88.03001157713769,1.6519485809885843,0.7740451027584039,163.03001157713769,0.0,0.0,0.0,0.0,0.0,0.0,0.0,968.6554614955772,968.6554614955772,0.0,4031.6560444365414,0.0013170242309570312,2,0.0
298480,2014-01-21 12:00:00,48,24,0.0,85.96159673608153,0.5350535688775667,0.8005999142250897,160.96159673608153,0.0,0.0,0.0,0.0,0.0,0.0,0.0,968.6554614955772,968.6554614955772,0.0,4031.6560444365414,0.0013170242309570312,2,0.0
298481,2014-01-21 13:00:00,48,24,0.183,88.59995081948595,0.32423801014422526,0.9206992667153713,163.59995081948597,0.0,0.0,0.183,0.0,0.0,0.183,0.0,968.6554614955772,968.6554614955772,0.0,4031.6560444365414,0.0013170242309570312,2,0.0
298482,2014-01-21 14:00:00,48,24,18.239,90.88464578203828,0.5579399101593755,0.9452450887494808,165.88464578203826,0.0,0.0,18.239,0.0,0.0,18.239,0.0,968.6554614955772,968.6554614955772,0.0,4031.6560444365414,0.0013170242309570312,2,0.0
298483,2014-01-21 15:00:00,48,24,39.457,94.43151441388477,0.4722126032568284,0.9677114009785537,169.43151441388477,0.0,0.0,39.457,0.0,0.0,39.457,0.0,968.6554614955772,968.6554614955772,0.0,4031.6560444365414,0.0013170242309570312,2,0.0
298484,2014-01-21 16:00:00,48,24,85.892,97.6563647901495,0.7857940679793035,0.7398185540768868,172.6563647901495,0.0,0.0,85.892,0.0,0.0,85.892,0.0,968.6554614955772,968.6554614955772,0.0,4031.6560444365414,0.0013170242309570312,2,0.0
298485,2014-01-21 17:00:00,48,24,113.678,102.96101179819675,0.4106777323395915,0.9173441011383698,177.96101179819675,0.0,0.0,113.678,0.0,0.0,113.678,0.0,968.6554614955772,968.6554614955772,0.0,4031.6560444365414,0.0013170242309570312,2,0.0
298486,2014-01-21 18:00:00,48,24,139.355,108.25718442789224,0.3517550508293573,0.8618976135595032,183.25718442789224,0.0,0.0,139.355,0.0,0.0,139.355,0.0,968.6554614955772,968.6554614955772,0.0,4031.6560444365414,0.0013170242309570312,2,0.0
298487,2014-01-21 19:00:00,48,24,186.525,112.02254582093087,0.6147253457911527,0.7248419879849503,187.02254582093087,0.0,0.0,186.525,0.0,0.0,186.525,0.0,968.6554614955772,968.6554614955772,0.0,4031.6560444365414,0.0013170242309570312,2,0.0
298488,2014-01-21 20:00:00,48,24,214.764,117.50221163134637,0.5424151935700292,0.7597088274728414,192.50221163134637,0.0,0.0,192.50221163134637,0.0,0.0,192.50221163134637,22.26178836865364,968.6554614955772,968.6554614955772,0.0,4031.6560444365414,0.0013170242309570312,2,0.0
298489,2014-01-21 21:00:00,48,24,221.514,122.62377476935669,2.154076689749702,0.6226225316187637,197.6237747693567,0.0,0.0,197.6237747693567,0.0,0.0,197.6237747693567,23.890225230643324,968.6554614955772,968.6554614955772,0.0,4031.6560444365414,0.0013170242309570312,2,0.0
298490,2014-01-21 22:00:00,48,24,223.277,125.92293980777346,1.2050801517737904,0.8545548341947511,200.92293980777345,0.0,0.0,200.92293980777345,0.0,0.0,200.92293980777345,22.35406019222654,968.6554614955772,968.6554614955772,0.0,4031.6560444365414,0.0013170242309570312,2,0.0
298491,2014-01-21 23:00:00,48,24,222.834,128.449671921289,1.7479406049018316,0.834995496829105,203.449671921289,0.0,0.0,203.449671921289,0.0,0.0,203.449671921289,19.384328078711007,968.6554614955772,968.6554614955772,0.0,4031.6560444365414,0.0013170242309570312,2,0.0
298492,2014-01-22 00:00:00,48,24,213.916,215.3675569286649,0.7245857207379419,1.3474323995538025,249.0,0.0,0.0,213.916,0.0,0.0,213.916,0.0,968.6554614955772,968.6554614955772,1.0,6418.970123334145,0.0016238689422607422,2,0.0
298493,2014-01-22 01:00:00,48,24,214.246,206.3849312874961,0.5912453250986616,1.3817503240540552,249.0,0.0,0.0,214.246,0.0,0.0,214.246,0.0,968.6554614955772,968.6554614955772,1.0,6418.970123334145,0.0016238689422607422,2,0.0
298494,2014-01-22 02:00:00,48,24,206.397,197.24726445737838,0.49711745453495754,1.3508092908764737,249.0,0.0,0.0,206.397,0.0,0.0,206.397,0.0,968.6554614955772,968.6554614955772,0.0,6418.970123334145,0.0016238689422607422,2,0.0
298495,2014-01-22 03:00:00,48,24,193.058,184.28177469508518,0.8331696849517639,1.298349578002454,249.0,0.0,0.0,193.058,0.0,0.0,193.058,0.0,968.6554614955772,968.6554614955772,0.0,6418.970123334145,0.0016238689422607422,2,0.0
298496,2014-01-22 04:00:00,48,24,175.467,169.00048182850202,0.34632288422161284,1.3696227989667777,244.00048182850202,0.0,0.0,175.467,0.0,0.0,175.467,0.0,968.6554614955772,968.6554614955772,0.0,6418.970123334145,0.0016238689422607422,2,0.0
298497,2014-01-22 05:00:00,48,24,182.667,153.8335951197493,0.3279188224904567,1.3395563681524072,228.8335951197493,0.0,0.0,182.667,0.0,0.0,182.667,0.0,968.6554614955772,968.6554614955772,0.0,6418.970123334145,0.0016238689422607422,2,0.0
298498,2014-01-22 06:00:00,48,24,183.295,141.42162565390126,0.4016241213266839,1.4841577112404478,216.42162565390126,0.0,0.0,183.295,0.0,0.0,183.295,0.0,968.6554614955772,968.6554614955772,0.0,6418.970123334145,0.0016238689422607422,2,0.0
298499,2014-01-22 07:00:00,48,24,170.711,129.51741661469066,1.508123806956652,1.2910895708755539,204.51741661469066,0.0,0.0,170.711,0.0,0.0,170.711,0.0,968.6554614955772,968.6554614955772,0.0,6418.970123334145,0.0016238689422607422,2,0.0
298500,2014-01-22 08:00:00,48,24,144.139,118.455672670224,0.7524292850989492,1.4280881211559373,193.455672670224,0.0,0.0,144.139,0.0,0.0,144.139,0.0,968.6554614955772,968.6554614955772,0.0,6418.970123334145,0.0016238689422607422,2,0.0
298501,2014-01-22 09:00:00,48,24,90.501,111.86559168753423,0.37345403328980126,1.349767394640035,186.86559168753422,0.0,0.0,90.501,0.0,0.0,90.501,0.0,968.6554614955772,968.6554614955772,0.0,6418.970123334145,0.0016238689422607422,2,0.0
298502,2014-01-22 10:00:00,48,24,25.851,106.53844294629025,1.1840045326945634,1.3155295147735024,181.53844294629025,0.0,0.0,25.851,0.0,0.0,25.851,0.0,968.6554614955772,968.6554614955772,0.0,6418.970123334145,0.0016238689422607422,2,0.0
298503,2014-01-22 11:00:00,48,24,10.566,102.44513339732947,0.21013282741105657,1.4867527631136128,177.44513339732947,0.0,54.646600455298,10.566,0.0,54.646600455298,65.212600455298,0.0,968.6554614955772,869.2980061223082,0.0,6418.970123334145,0.0016238689422607422,2,0.0
298504,2014-01-22 12:00:00,48,24,1.916,99.9907115357111,0.6282018684136447,1.4704122672730668,174.9907115357111,0.0,0.0,1.916,0.0,0.0,1.916,0.0,869.2980061223082,869.2980061223082,0.0,6418.970123334145,0.0016238689422607422,2,0.0
298505,2014-01-22 13:00:00,48,24,0.0,100.76234734237725,0.46781937561777825,1.4667801445064517,175.76234734237727,0.0,0.0,0.0,0.0,0.0,0.0,0.0,869.2980061223082,869.2980061223082,0.0,6418.970123334145,0.0016238689422607422,2,0.0
298506,2014-01-22 14:00:00,48,24,0.0,101.63297463199822,0.5554761406050434,1.449526703057351,176.63297463199822,0.0,0.0,0.0,0.0,0.0,0.0,0.0,869.2980061223082,869.2980061223082,0.0,6418.970123334145,0.0016238689422607422,2,0.0
298507,2014-01-22 15:00:00,48,24,0.343,102.63768245921275,0.6175750069624284,1.5239724987563517,149.0,0.0,100.0,0.343,0.0,100.0,100.343,0.0,869.2980061223082,687.4798243041264,0.0,6418.970123334145,0.0016238689422607422,2,0.0
298508,2014-01-22 16:00:00,48,24,2.579,104.31420951675531,0.8191885348301918,1.3273527639400269,179.3142095167553,0.0,0.0,2.579,0.0,0.0,2.579,0.0,687.4798243041264,687.4798243041264,0.0,6418.970123334145,0.0016238689422607422,2,0.0
298509,2014-01-22 17:00:00,48,24,34.457,109.732876954423,0.5762252360083953,1.1728847768829795,184.732876954423,0.0,0.0,34.457,0.0,0.0,34.457,0.0,687.4798243041264,687.4798243041264,0.0,6418.970123334145,0.0016238689422607422,2,0.0
298510,2014-01-22 18:00:00,48,24,61.467,116.15370885713699,0.5231206127228494,1.2861958223750982,191.153708857137,0.0,0.0,61.467,0.0,0.0,61.467,0.0,687.4798243041264,687.4798243041264,0.0,6418.970123334145,0.0016238689422607422,2,0.0
298511,2014-01-22 19:00:00,48,24,92.296,121.51063860181756,0.7051130360675574,1.0689536492274045,196.51063860181756,0.0,0.0,92.296,0.0,0.0,92.296,0.0,687.4798243041264,687.4798243041264,0.0,6418.970123334145,0.0016238689422607422,2,0.0
298512,2014-01-22 20:00:00,48,24,128.52,127.54854651625759,0.5126124871537698,1.0220006255302385,202.5485465162576,0.0,0.0,128.52,0.0,0.0,128.52,0.0,687.4798243041264,687.4798243041264,0.0,6418.970123334145,0.0016238689422607422,2,0.0
298513,2014-01-22 21:00:00,48,24,133.568,134.39897648064405,0.33000094099506433,0.7600966319438748,109.39897648064405,100.0,0.0,33.56800000000001,100.0,0.0,33.56800000000001,0.0,687.4798243041264,787.4798243041264,1.0,6418.970123334145,0.0016238689422607422,2,0.0
298514,2014-01-22 22:00:00,48,24,182.132,135.4615987311161,0.7938087400235166,1.0356246786060186,210.4615987311161,0.0,0.0,182.132,0.0,0.0,182.132,0.0,787.4798243041264,787.4798243041264,0.0,6418.970123334145,0.0016238689422607422,2,0.0
298515,2014-01-22 23:00:00,48,24,193.6,136.68607125569827,0.5262374296289322,0.9323492941400167,211.68607125569827,0.0,0.0,193.6,0.0,0.0,193.6,0.0,787.4798243041264,787.4798243041264,0.0,6418.970123334145,0.0016238689422607422,2,0.0
298516,2014-01-23 00:00:00,48,24,199.567,195.16339415039937,0.548411355617922,0.6078308785869302,249.0,0.0,0.0,199.567,0.0,0.0,199.567,0.0,787.4798243041264,787.4798243041264,1.0,4439.349501865314,0.0012700557708740234,2,0.0
298517,2014-01-23 01:00:00,48,24,208.079,190.74153911180053,0.5863771539310653,0.5815014032405871,165.74153911180053,100.0,0.0,108.07900000000001,100.0,0.0,108.07900000000001,0.0,787.4798243041264,887.4798243041264,1.0,4439.349501865314,0.0012700557708740234,2,0.0
298518,2014-01-23 02:00:00,48,24,214.007,182.68476771693275,0.44790143138938154,0.633907725364363,249.0,0.0,0.0,214.007,0.0,0.0,214.007,0.0,887.4798243041264,887.4798243041264,1.0,4439.349501865314,0.0012700557708740234,2,0.0
298519,2014-01-23 03:00:00,48,24,215.398,171.0818285471372,0.2437647660262179,0.6627850392623642,246.0818285471372,0.0,0.0,215.398,0.0,0.0,215.398,0.0,887.4798243041264,887.4798243041264,0.0,4439.349501865314,0.0012700557708740234,2,0.0
298520,2014-01-23 04:00:00,48,24,222.589,158.9168853819049,0.47434984913528516,0.5758630435732713,133.9168853819049,100.0,0.0,122.589,100.0,0.0,122.589,0.0,887.4798243041264,987.4798243041264,1.0,4439.349501865314,0.0012700557708740234,2,0.0
298521,2014-01-23 05:00:00,48,24,223.402,146.2254620892695,0.4896667779308926,0.7935618164897769,221.2254620892695,0.0,0.0,221.2254620892695,0.0,0.0,221.2254620892695,2.176537910730474,987.4798243041264,987.4798243041264,0.0,4439.349501865314,0.0012700557708740234,2,0.0
298522,2014-01-23 06:00:00,48,24,223.535,134.5836599542185,0.45912197225128015,0.6883223801895546,209.5836599542185,0.0,0.0,209.5836599542185,0.0,0.0,209.5836599542185,13.951340045781507,987.4798243041264,987.4798243041264,0.0,4439.349501865314,0.0012700557708740234,2,0.0
298523,2014-01-23 07:00:00,48,24,223.538,123.79570091062007,0.6930316600601691,0.6210136503657089,198.79570091062007,0.0,0.0,198.79570091062007,0.0,0.0,198.79570091062007,24.74229908937994,987.4798243041264,987.4798243041264,0.0,4439.349501865314,0.0012700557708740234,2,0.0
298524,2014-01-23 08:00:00,48,24,223.54,112.13123747237813,0.22331251032820718,0.7275514998038843,187.13123747237813,0.0,0.0,187.13123747237813,0.0,0.0,187.13123747237813,36.40876252762186,987.4798243041264,987.4798243041264,0.0,4439.349501865314,0.0012700557708740234,2,0.0
298525,2014-01-23 09:00:00,48,24,223.227,104.8568002658246,0.5407232072495842,0.5872847849439942,167.336624569951,12.520175695873604,0.0,167.336624569951,12.520175695873604,0.0,167.336624569951,43.3701997341754,987.4798243041264,1000.0,1.0,4439.349501865314,0.0012700557708740234,2,0.0
298526,2014-01-23 10:00:00,48,24,223.547,98.99505252885743,0.6431625895628424,0.7422728741834763,173.99505252885743,0.0,0.0,173.99505252885743,0.0,0.0,173.99505252885743,49.55194747114257,1000.0,1000.0,0.0,4439.349501865314,0.0012700557708740234,2,0.0
298527,2014-01-23 11:00:00,48,24,223.549,95.6344108747891,0.7170756761928088,0.7854791163434414,170.6344108747891,0.0,0.0,170.6344108747891,0.0,0.0,170.6344108747891,52.91458912521091,1000.0,1000.0,0.0,4439.349501865314,0.0012700557708740234,2,0.0
298528,2014-01-23 12:00:00,48,24,223.55,92.22841366720618,0.7626108869921535,0.8629439084704036,167.22841366720618,0.0,0.0,167.22841366720618,0.0,0.0,167.22841366720618,56.32158633279383,1000.0,1000.0,0.0,4439.349501865314,0.0012700557708740234,2,0.0
298529,2014-01-23 13:00:00,48,24,223.55,92.2067552150991,0.5759877642441223,0.9307547121964916,167.2067552150991,0.0,0.0,167.2067552150991,0.0,0.0,167.2067552150991,56.34324478490092,1000.0,1000.0,0.0,4439.349501865314,0.0012700557708740234,2,0.0
298530,2014-01-23 14:00:00,48,24,223.549,93.5313843201597,0.6061466783067913,0.9862256030734886,168.5313843201597,0.0,0.0,168.5313843201597,0.0,0.0,168.5313843201597,55.017615679840304,1000.0,1000.0,0.0,4439.349501865314,0.0012700557708740234,2,0.0
298531,2014-01-23 15:00:00,48,24,223.549,94.9717836244334,0.9595046635449912,1.0124726052707338,169.97178362443339,0.0,0.0,169.97178362443339,0.0,0.0,169.97178362443339,53.57721637556662,1000.0,1000.0,0.0,4439.349501865314,0.0012700557708740234,2,0.0
298532,2014-01-23 16:00:00,48,24,223.499,96.42983162322952,0.6660489308446516,0.7837685815841976,171.42983162322952,0.0,0.0,171.42983162322952,0.0,0.0,171.42983162322952,52.06916837677048,1000.0,1000.0,0.0,4439.349501865314,0.0012700557708740234,2,0.0
298533,2014-01-23 17:00:00,48,24,222.94,101.19240010084133,0.8968418017474575,0.9330406984355077,176.19240010084133,0.0,0.0,176.19240010084133,0.0,0.0,176.19240010084133,46.74759989915867,1000.0,1000.0,0.0,4439.349501865314,0.0012700557708740234,2,0.0
298534,2014-01-23 18:00:00,48,24,215.473,106.73432272154619,0.6983747747563115,0.8202983559615356,181.7343227215462,0.0,0.0,181.7343227215462,0.0,0.0,181.7343227215462,33.73867727845382,1000.0,1000.0,0.0,4439.349501865314,0.0012700557708740234,2,0.0
298535,2014-01-23 19:00:00,48,24,214.918,112.8769103620429,0.6684236484873811,0.8167839462211584,187.8769103620429,0.0,0.0,187.8769103620429,0.0,0.0,187.8769103620429,27.0410896379571,1000.0,1000.0,0.0,4439.349501865314,0.0012700557708740234,2,0.0
298536,2014-01-23 20:00:00,48,24,212.201,120.84406247534957,0.5501627098794353,0.8048750974774628,195.84406247534957,0.0,0.0,195.84406247534957,0.0,0.0,195.84406247534957,16.35693752465042,1000.0,1000.0,0.0,4439.349501865314,0.0012700557708740234,2,0.0
298537,2014-01-23 21:00:00,48,24,193.964,130.6912099519165,0.6485650722000531,0.7162225140837994,205.6912099519165,0.0,0.0,193.964,0.0,0.0,193.964,0.0,1000.0,1000.0,0.0,4439.349501865314,0.0012700557708740234,2,0.0
298538,2014-01-23 22:00:00,48,24,158.305,137.5892560157497,0.6420939666236142,0.9248009293963948,212.5892560157497,0.0,0.0,158.305,0.0,0.0,158.305,0.0,1000.0,1000.0,0.0,4439.349501865314,0.0012700557708740234,2,0.0
298539,2014-01-23 23:00:00,48,24,107.45,142.62600472748883,0.6130333594707077,0.865580558528832,217.62600472748883,0.0,0.0,107.45,0.0,0.0,107.45,0.0,1000.0,1000.0,0.0,4439.349501865314,0.0012700557708740234,2,0.0
298540,2014-01-24 00:00:00,48,24,68.172,98.05870143824426,0.6639710529072629,0.6608952753384705,173.05870143824427,0.0,0.0,68.172,0.0,0.0,68.172,0.0,1000.0,1000.0,0.0,3815.6070498273743,0.0012810230255126953,2,0.0
298541,2014-01-24 01:00:00,48,24,37.908,96.42603532474746,0.6008629315517173,0.6613519570462852,171.42603532474746,0.0,0.0,37.908,0.0,0.0,37.908,0.0,1000.0,1000.0,0.0,3815.6070498273743,0.0012810230255126953,2,0.0
298542,2014-01-24 02:00:00,48,24,18.76,97.19491752380243,0.5037963479051353,0.7325172632393064,172.19491752380242,0.0,0.0,18.76,0.0,0.0,18.76,0.0,1000.0,1000.0,0.0,3815.6070498273743,0.0012810230255126953,2,0.0
298543,2014-01-24 03:00:00,48,24,9.966,96.25624539492617,0.6465762461742668,0.6698023006195581,171.25624539492617,0.0,0.0,9.966,0.0,0.0,9.966,0.0,1000.0,1000.0,0.0,3815.6070498273743,0.0012810230255126953,2,0.0
298544,2014-01-24 04:00:00,48,24,0.995,94.37316768314335,0.5482035678241832,0.6821149591033,169.37316768314335,0.0,0.0,0.995,0.0,0.0,0.995,0.0,1000.0,1000.0,0.0,3815.6070498273743,0.0012810230255126953,2,0.0
298545,2014-01-24 05:00:00,48,24,0.0,89.33899586224626,0.6518896768998748,0.7390043662564798,164.33899586224626,0.0,0.0,0.0,0.0,0.0,0.0,0.0,1000.0,1000.0,0.0,3815.6070498273743,0.0012810230255126953,2,0.0
298546,2014-01-24 06:00:00,48,24,0.042,86.3092045115633,0.5028761448185773,0.7290069550701369,161.30920451156328,0.0,0.0,0.042,0.0,0.0,0.042,0.0,1000.0,1000.0,0.0,3815.6070498273743,0.0012810230255126953,2,0.0
298547,2014-01-24 07:00:00,48,24,3.325,80.53301364593618,0.6149925015259597,0.6576097761480809,155.5330136459362,0.0,0.0,3.325,0.0,0.0,3.325,0.0,1000.0,1000.0,0.0,3815.6070498273743,0.0012810230255126953,2,0.0
298548,2014-01-24 08:00:00,48,24,17.264,77.44799784166813,0.6512069455775897,0.7137921189231398,152.44799784166813,0.0,0.0,17.264,0.0,0.0,17.264,0.0,1000.0,1000.0,0.0,3815.6070498273743,0.0012810230255126953,2,0.0
298549,2014-01-24 09:00:00,48,24,25.553,75.12715866016804,0.9060735165835699,0.6205167456264243,150.12715866016805,0.0,0.0,25.553,0.0,0.0,25.553,0.0,1000.0,1000.0,0.0,3815.6070498273743,0.0012810230255126953,2,0.0
298550,2014-01-24 10:00:00,48,24,41.099,73.89420482971374,1.069543142314985,0.7326103191501597,148.89420482971374,0.0,0.0,41.099,0.0,0.0,41.099,0.0,1000.0,1000.0,0.0,3815.6070498273743,0.0012810230255126953,2,0.0
298551,2014-01-24 11:00:00,48,24,52.66,71.84206029557672,1.3691434569158882,0.8322904136574474,146.84206029557672,0.0,0.0,52.66,0.0,0.0,52.66,0.0,1000.0,1000.0,0.0,3815.6070498273743,0.0012810230255126953,2,0.0
298552,2014-01-24 12:00:00,48,24,65.524,71.22535778509844,1.2582738269709388,0.8584517821116239,146.22535778509842,0.0,0.0,65.524,0.0,0.0,65.524,0.0,1000.0,1000.0,0.0,3815.6070498273743,0.0012810230255126953,2,0.0
298553,2014-01-24 13:00:00,48,24,84.891,73.11665708433273,0.6285877600305884,0.9772422130167084,148.11665708433273,0.0,0.0,84.891,0.0,0.0,84.891,0.0,1000.0,1000.0,0.0,3815.6070498273743,0.0012810230255126953,2,0.0
298554,2014-01-24 14:00:00,48,24,100.021,72.60224168027219,1.5053928816675128,1.0182921360812853,147.6022416802722,0.0,0.0,100.021,0.0,0.0,100.021,0.0,1000.0,1000.0,0.0,3815.6070498273743,0.0012810230255126953,2,0.0
298555,2014-01-24 15:00:00,48,24,137.176,74.33213729546756,1.1391223692469694,1.0310763323447496,149.33213729546756,0.0,0.0,137.176,0.0,0.0,137.176,0.0,1000.0,1000.0,0.0,3815.6070498273743,0.0012810230255126953,2,0.0
298556,2014-01-24 16:00:00,48,24,176.649,78.09037331427028,1.0739660539245695,0.8206037387615227,153.09037331427027,0.0,0.0,153.09037331427027,0.0,0.0,153.09037331427027,23.558626685729735,1000.0,1000.0,0.0,3815.6070498273743,0.0012810230255126953,2,0.0
298557,2014-01-24 17:00:00,48,24,155.95,82.41123883566901,0.8132814246939014,0.9225559586138392,157.411238835669,0.0,0.0,155.95,0.0,0.0,155.95,0.0,1000.0,1000.0,0.0,3815.6070498273743,0.0012810230255126953,2,0.0
298558,2014-01-24 18:00:00,48,24,189.337,88.13178456146599,0.6451217316180948,0.8542018072956581,163.131784561466,0.0,0.0,163.131784561466,0.0,0.0,163.131784561466,26.205215438533997,1000.0,1000.0,0.0,3815.6070498273743,0.0012810230255126953,2,0.0
298559,2014-01-24 19:00:00,48,24,214.373,92.59476965340467,1.223038953946935,0.8130664802085593,167.59476965340468,0.0,0.0,167.59476965340468,0.0,0.0,167.59476965340468,46.77823034659531,1000.0,1000.0,0.0,3815.6070498273743,0.0012810230255126953,2,0.0
298560,2014-01-24 20:00:00,48,24,223.259,97.93751238297689,1.7333954593401115,0.8157741033319027,172.93751238297688,0.0,0.0,172.93751238297688,0.0,0.0,172.93751238297688,50.32148761702311,1000.0,1000.0,0.0,3815.6070498273743,0.0012810230255126953,2,0.0
298561,2014-01-24 21:00:00,48,24,223.392,105.24646313793963,1.0821588297919873,0.7019975787495576,180.24646313793963,0.0,0.0,180.24646313793963,0.0,0.0,180.24646313793963,43.14553686206037,1000.0,1000.0,0.0,3815.6070498273743,0.0012810230255126953,2,0.0
298562,2014-01-24 22:00:00,48,24,223.246,108.73583790304976,1.1303062299983349,0.901972614198126,183.73583790304974,0.0,0.0,183.73583790304974,0.0,0.0,183.73583790304974,39.51016209695027,1000.0,1000.0,0.0,3815.6070498273743,0.0012810230255126953,2,0.0
298563,2014-01-24 23:00:00,48,24,223.292,111.83570087855358,1.1051639069559327,0.8826743471438516,186.83570087855358,0.0,0.0,186.83570087855358,0.0,0.0,186.83570087855358,36.45629912144642,1000.0,1000.0,0.0,3815.6070498273743,0.0012810230255126953,2,0.0
298564,2014-01-25 00:00:00,48,24,221.84,217.59782969838085,1.1936518231181532,1.0294822368242074,249.0,0.0,0.0,221.84,0.0,0.0,221.84,0.0,1000.0,1000.0,0.0,5857.311281900008,0.0014519691467285156,2,0.0
298565,2014-01-25 01:00:00,48,24,214.84,210.43614842957123,1.4305002240099205,0.9785728350379628,249.0,0.0,0.0,214.84,0.0,0.0,214.84,0.0,1000.0,1000.0,0.0,5857.311281900008,0.0014519691467285156,2,0.0
298566,2014-01-25 02:00:00,48,24,215.049,200.69199122291937,0.1397818172451851,0.9995560599760471,249.0,0.0,0.0,215.049,0.0,0.0,215.049,0.0,1000.0,1000.0,0.0,5857.311281900008,0.0014519691467285156,2,0.0
298567,2014-01-25 03:00:00,48,24,214.413,190.87908800917512,1.3463461675456816,0.975751162364539,249.0,0.0,0.0,214.413,0.0,0.0,214.413,0.0,1000.0,1000.0,0.0,5857.311281900008,0.0014519691467285156,2,0.0
298568,2014-01-25 04:00:00,48,24,211.295,179.42949861818406,0.6143394541742092,0.9765797640189149,249.0,0.0,0.0,211.295,0.0,0.0,211.295,0.0,1000.0,1000.0,0.0,5857.311281900008,0.0014519691467285156,2,0.0
298569,2014-01-25 05:00:00,48,24,206.276,168.76015434842384,0.6582420465941771,0.9758151573934224,243.76015434842384,0.0,0.0,206.276,0.0,0.0,206.276,0.0,1000.0,1000.0,0.0,5857.311281900008,0.0014519691467285156,2,0.0
298570,2014-01-25 06:00:00,48,24,202.584,158.05807350206686,0.45248548455329396,1.0171063706295416,233.05807350206686,0.0,0.0,202.584,0.0,0.0,202.584,0.0,1000.0,1000.0,0.0,5857.311281900008,0.0014519691467285156,2,0.0
298571,2014-01-25 07:00:00,48,24,192.955,149.0054264549992,1.1326215796999963,0.9068151792429373,224.0054264549992,0.0,0.0,192.955,0.0,0.0,192.955,0.0,1000.0,1000.0,0.0,5857.311281900008,0.0014519691467285156,2,0.0
298572,2014-01-25 08:00:00,48,24,164.811,139.7543045466016,1.2169537399874397,0.9883790563233551,214.7543045466016,0.0,0.0,164.811,0.0,0.0,164.811,0.0,1000.0,1000.0,0.0,5857.311281900008,0.0014519691467285156,2,0.0
298573,2014-01-25 09:00:00,48,24,95.376,132.96157829365035,0.728236849113639,0.838136239184591,207.96157829365035,0.0,0.0,95.376,0.0,0.0,95.376,0.0,1000.0,1000.0,0.0,5857.311281900008,0.0014519691467285156,2,0.0
298574,2014-01-25 10:00:00,48,24,59.681,126.04865508994385,0.6199794085756924,0.860537568724511,201.04865508994385,0.0,0.0,59.681,0.0,0.0,59.681,0.0,1000.0,1000.0,0.0,5857.311281900008,0.0014519691467285156,2,0.0
298575,2014-01-25 11:00:00,48,24,31.74,122.74874530469879,0.6474370813197563,1.0184148642257083,197.7487453046988,0.0,0.0,31.74,0.0,0.0,31.74,0.0,1000.0,1000.0,0.0,5857.311281900008,0.0014519691467285156,2,0.0
298576,2014-01-25 12:00:00,48,24,18.196,118.74076638369765,0.6196528848998173,1.014592067983108,193.74076638369763,0.0,0.0,18.196,0.0,0.0,18.196,0.0,1000.0,1000.0,0.0,5857.311281900008,0.0014519691467285156,2,0.0
298577,2014-01-25 13:00:00,48,24,10.728,114.89179070371105,0.5401295278389016,1.1450189334188319,189.89179070371105,0.0,0.0,10.728,0.0,0.0,10.728,0.0,1000.0,1000.0,0.0,5857.311281900008,0.0014519691467285156,2,0.0
298578,2014-01-25 14:00:00,48,24,3.389,113.6063460928592,0.5729303152791075,1.1953857367225216,188.6063460928592,0.0,0.0,3.389,0.0,0.0,3.389,0.0,1000.0,1000.0,0.0,5857.311281900008,0.0014519691467285156,2,0.0
298579,2014-01-25 15:00:00,48,24,0.012,113.29640705025517,0.6013378750802633,1.1894266588619131,188.29640705025517,0.0,0.0,0.012,0.0,0.0,0.012,0.0,1000.0,1000.0,0.0,5857.311281900008,0.0014519691467285156,2,0.0
298580,2014-01-25 16:00:00,48,24,0.038,113.92996300209163,0.6143691381447433,0.9754551991293442,188.92996300209163,0.0,0.0,0.038,0.0,0.0,0.038,0.0,1000.0,1000.0,0.0,5857.311281900008,0.0014519691467285156,2,0.0
298581,2014-01-25 17:00:00,48,24,0.0,117.3508585748091,0.565093747058099,1.0299745347666573,192.35085857480908,0.0,0.0,0.0,0.0,0.0,0.0,0.0,1000.0,1000.0,0.0,5857.311281900008,0.0014519691467285156,2,0.0
298582,2014-01-25 18:00:00,48,24,0.011,122.06577819138634,0.5080708396620489,0.9852348574168815,197.06577819138636,0.0,0.0,0.011,0.0,0.0,0.011,0.0,1000.0,1000.0,0.0,5857.311281900008,0.0014519691467285156,2,0.0
298583,2014-01-25 19:00:00,48,24,7.716,126.41551018883837,0.6230368575407071,0.9309838078156492,201.41551018883837,0.0,0.0,7.716,0.0,0.0,7.716,0.0,1000.0,1000.0,0.0,5857.311281900008,0.0014519691467285156,2,0.0
298584,2014-01-25 20:00:00,48,24,25.966,130.046572062495,0.5646484875000873,0.9245301114708087,205.046572062495,0.0,0.0,25.966,0.0,0.0,25.966,0.0,1000.0,1000.0,0.0,5857.311281900008,0.0014519691467285156,2,0.0
298585,2014-01-25 21:00:00,48,24,74.2,134.77614772686005,0.6024361819900258,0.7721653769695843,209.77614772686005,0.0,0.0,74.2,0.0,0.0,74.2,0.0,1000.0,1000.0,0.0,5857.311281900008,0.0014519691467285156,2,0.0
298586,2014-01-25 22:00:00,48,24,144.079,136.34805189373412,0.6104805380047733,0.956768466518118,211.34805189373412,0.0,0.0,144.079,0.0,0.0,144.079,0.0,1000.0,1000.0,0.0,5857.311281900008,0.0014519691467285156,2,0.0
298587,2014-01-25 23:00:00,48,24,164.751,138.3951344875571,0.6040688003694027,0.9718590864124383,213.3951344875571,0.0,0.0,164.751,0.0,0.0,164.751,0.0,1000.0,1000.0,0.0,5857.311281900008,0.0014519691467285156,2,0.0
298588,2014-01-26 00:00:00,48,24,169.366,170.8588805057372,0.5692198189623423,0.6228799049072739,245.8588805057372,0.0,0.0,169.366,0.0,0.0,169.366,0.0,1000.0,1000.0,0.0,4807.067493592211,0.0013499259948730469,2,0.0
298589,2014-01-26 01:00:00,48,24,190.148,172.1886090173175,0.5592163208923429,0.6552906469849531,247.1886090173175,0.0,0.0,190.148,0.0,0.0,190.148,0.0,1000.0,1000.0,0.0,4807.067493592211,0.0013499259948730469,2,0.0
298590,2014-01-26 02:00:00,48,24,200.575,168.3388220000828,0.5019262577614856,0.6639759200167749,243.3388220000828,0.0,0.0,200.575,0.0,0.0,200.575,0.0,1000.0,1000.0,1.0,4807.067493592211,0.0013499259948730469,2,0.0
298591,2014-01-26 03:00:00,48,24,205.116,160.2315535788109,0.6204840360747726,0.6795066537932253,235.2315535788109,0.0,0.0,205.116,0.0,0.0,205.116,0.0,1000.0,1000.0,0.0,4807.067493592211,0.0013499259948730469,2,0.0
298592,2014-01-26 04:00:00,48,24,206.106,150.08043523667234,0.5081524705810178,0.6790588220873185,225.08043523667234,0.0,0.0,206.106,0.0,0.0,206.106,0.0,1000.0,1000.0,0.0,4807.067493592211,0.0013499259948730469,2,0.0
298593,2014-01-26 05:00:00,48,24,207.719,139.6172949373353,0.5190539087596745,0.7427077021136493,214.6172949373353,0.0,0.0,207.719,0.0,0.0,207.719,0.0,1000.0,1000.0,0.0,4807.067493592211,0.0013499259948730469,2,0.0
298594,2014-01-26 06:00:00,48,24,201.73,130.4484896100102,0.46372755444876684,0.7812318956566384,205.4484896100102,0.0,0.0,201.73,0.0,0.0,201.73,0.0,1000.0,1000.0,0.0,4807.067493592211,0.0013499259948730469,2,0.0
298595,2014-01-26 07:00:00,48,24,205.493,123.7872649461001,0.5922545800968217,0.6349075576079743,198.7872649461001,0.0,0.0,198.7872649461001,0.0,0.0,198.7872649461001,6.7057350538999,1000.0,1000.0,0.0,4807.067493592211,0.0013499259948730469,2,0.0
298596,2014-01-26 08:00:00,48,24,201.765,115.46186417309235,0.587950404369374,0.7671332558953013,190.46186417309235,0.0,0.0,190.46186417309235,0.0,0.0,190.46186417309235,11.303135826907635,1000.0,1000.0,0.0,4807.067493592211,0.0013499259948730469,2,0.0
298597,2014-01-26 09:00:00,48,24,172.11,109.25909472421537,0.5168869789106836,0.595415009850839,184.25909472421537,0.0,0.0,172.11,0.0,0.0,172.11,0.0,1000.0,1000.0,0.0,4807.067493592211,0.0013499259948730469,2,0.0
298598,2014-01-26 10:00:00,48,24,92.776,102.77944685120585,0.6699968989256896,0.7076521077449476,177.77944685120585,0.0,0.0,92.776,0.0,0.0,92.776,0.0,1000.0,1000.0,0.0,4807.067493592211,0.0013499259948730469,2,0.0
298599,2014-01-26 11:00:00,48,24,102.673,100.74094182298454,0.7378247715961607,0.8383522741415944,175.74094182298455,0.0,0.0,102.673,0.0,0.0,102.673,0.0,1000.0,1000.0,0.0,4807.067493592211,0.0013499259948730469,2,0.0
298600,2014-01-26 12:00:00,48,24,117.418,98.16568183679333,0.6329513036991044,0.7934532413800596,173.16568183679334,0.0,0.0,117.418,0.0,0.0,117.418,0.0,1000.0,1000.0,0.0,4807.067493592211,0.0013499259948730469,2,0.0
298601,2014-01-26 13:00:00,48,24,96.669,97.34931119136954,0.5897017586308873,0.9747830693472908,172.34931119136954,0.0,0.0,96.669,0.0,0.0,96.669,0.0,1000.0,1000.0,0.0,4807.067493592211,0.0013499259948730469,2,0.0
298602,2014-01-26 14:00:00,48,24,58.918,97.07862975545876,0.5698134983730246,1.0291871877480552,172.07862975545876,0.0,0.0,58.918,0.0,0.0,58.918,0.0,1000.0,1000.0,0.0,4807.067493592211,0.0013499259948730469,2,0.0
298603,2014-01-26 15:00:00,48,24,49.263,98.06012442785209,0.6025252339016284,1.013307163911274,173.0601244278521,0.0,0.0,49.263,0.0,0.0,49.263,0.0,1000.0,1000.0,0.0,4807.067493592211,0.0013499259948730469,2,0.0
298604,2014-01-26 16:00:00,48,24,45.214,99.10444212574865,0.6896180034487449,0.8143908753612608,174.10444212574865,0.0,0.0,45.214,0.0,0.0,45.214,0.0,1000.0,1000.0,0.0,4807.067493592211,0.0013499259948730469,2,0.0
298605,2014-01-26 17:00:00,48,24,25.148,102.39176434514411,0.5988741055259311,0.9479743979793862,177.3917643451441,0.0,0.0,25.148,0.0,0.0,25.148,0.0,1000.0,1000.0,0.0,4807.067493592211,0.0013499259948730469,2,0.0
298606,2014-01-26 18:00:00,48,24,18.707,106.4361241301315,0.6409659757433176,0.8807393639799266,181.4361241301315,0.0,0.0,18.707,0.0,0.0,18.707,0.0,1000.0,1000.0,0.0,4807.067493592211,0.0013499259948730469,2,0.0
298607,2014-01-26 19:00:00,48,24,20.528,113.07665896489283,0.6604386604137022,0.8016289799424111,188.07665896489283,0.0,0.0,20.528,0.0,0.0,20.528,0.0,1000.0,1000.0,0.0,4807.067493592211,0.0013499259948730469,2,0.0
298608,2014-01-26 20:00:00,48,24,23.273,121.30971538997245,0.43403901714994625,0.8325619087008118,196.30971538997244,0.0,0.0,23.273,0.0,0.0,23.273,0.0,1000.0,1000.0,0.0,4807.067493592211,0.0013499259948730469,2,0.0
298609,2014-01-26 21:00:00,48,24,10.506,130.19696351262954,0.7723403791802994,0.699157219501291,205.19696351262954,0.0,0.0,10.506,0.0,0.0,10.506,0.0,1000.0,1000.0,0.0,4807.067493592211,0.0013499259948730469,2,0.0
298610,2014-01-26 22:00:00,48,24,10.367,138.8860518727462,0.7507669827490383,0.8860276727982968,213.8860518727462,0.0,0.0,10.367,0.0,0.0,10.367,0.0,1000.0,1000.0,0.0,4807.067493592211,0.0013499259948730469,2,0.0
298611,2014-01-26 23:00:00,48,24,18.589,142.6171473518299,0.7614235281707885,0.9293695934669932,217.6171473518299,0.0,0.0,18.589,0.0,0.0,18.589,0.0,1000.0,1000.0,0.0,4807.067493592211,0.0013499259948730469,2,0.0
298612,2014-01-27 00:00:00,48,24,41.079,30.792934883493615,0.8279156221672239,0.7459084796377012,105.79293488349361,0.0,0.0,41.079,0.0,0.0,41.079,0.0,1000.0,1000.0,0.0,3765.643302402721,0.0016481876373291016,2,0.0
298613,2014-01-27 01:00:00,48,24,103.501,42.7203794721152,0.6335746670803208,0.7682803536756374,117.7203794721152,0.0,0.0,103.501,0.0,0.0,103.501,0.0,1000.0,1000.0,0.0,3765.643302402721,0.0016481876373291016,2,0.0
298614,2014-01-27 02:00:00,48,24,208.166,50.12124334685839,0.6120834724136158,0.7449144498046676,125.12124334685839,0.0,0.0,125.12124334685839,0.0,0.0,125.12124334685839,83.0447566531416,1000.0,1000.0,0.0,3765.643302402721,0.0016481876373291016,2,0.0
298615,2014-01-27 03:00:00,48,24,222.927,53.96449281436575,0.717105360163343,0.7871858352838363,128.96449281436574,0.0,0.0,128.96449281436574,0.0,0.0,128.96449281436574,93.96250718563425,1000.0,1000.0,0.0,3765.643302402721,0.0016481876373291016,2,0.0
298616,2014-01-27 04:00:00,48,24,223.545,57.03863665464998,0.5856944226087806,0.7651179291785487,132.03863665464996,0.0,0.0,132.03863665464996,0.0,0.0,132.03863665464996,91.50636334535002,1000.0,1000.0,0.0,3765.643302402721,0.0016481876373291016,2,0.0
298617,2014-01-27 05:00:00,48,24,223.987,57.953240635131166,0.6048108996327556,0.8349866542679044,132.95324063513118,0.0,0.0,132.95324063513118,0.0,0.0,132.95324063513118,91.03375936486881,1000.0,1000.0,0.0,3765.643302402721,0.0016481876373291016,2,0.0
298618,2014-01-27 06:00:00,48,24,223.796,58.710773384599094,0.5941543542110056,0.8536642657251172,133.7107733845991,0.0,0.0,133.7107733845991,0.0,0.0,133.7107733845991,90.0852266154009,1000.0,1000.0,0.0,3765.643302402721,0.0016481876373291016,2,0.0
298619,2014-01-27 07:00:00,48,24,223.753,58.82198949631235,0.7232499420639066,0.6933560659922984,133.82198949631234,0.0,0.0,133.82198949631234,0.0,0.0,133.82198949631234,89.93101050368765,1000.0,1000.0,0.0,3765.643302402721,0.0016481876373291016,2,0.0
298620,2014-01-27 08:00:00,48,24,223.568,58.922512851746134,0.7184434222197272,0.8747198412697696,133.92251285174615,0.0,0.0,133.92251285174615,0.0,0.0,133.92251285174615,89.64548714825386,1000.0,1000.0,0.0,3765.643302402721,0.0016481876373291016,2,0.0
298621,2014-01-27 09:00:00,48,24,223.546,57.17898573992857,0.6583310985057795,0.6523032937552056,132.17898573992858,0.0,0.0,132.17898573992858,0.0,0.0,132.17898573992858,91.36701426007141,1000.0,1000.0,0.0,3765.643302402721,0.0016481876373291016,2,0.0
298622,2014-01-27 10:00:00,48,24,223.547,55.893746283927754,0.19087249729910832,0.7844294346912336,130.89374628392775,0.0,0.0,130.89374628392775,0.0,0.0,130.89374628392775,92.65325371607224,1000.0,1000.0,0.0,3765.643302402721,0.0016481876373291016,2,0.0
298623,2014-01-27 11:00:00,48,24,215.12,58.04160610935685,0.972476558668403,0.9095163440090293,133.04160610935685,0.0,0.0,133.04160610935685,0.0,0.0,133.04160610935685,82.07839389064316,1000.0,1000.0,0.0,3765.643302402721,0.0016481876373291016,2,0.0
298624,2014-01-27 12:00:00,48,24,189.566,58.22392285582477,0.22352029812194601,0.8814922640573133,133.22392285582475,0.0,0.0,133.22392285582475,0.0,0.0,133.22392285582475,56.34207714417525,1000.0,1000.0,0.0,3765.643302402721,0.0016481876373291016,2,0.0
298625,2014-01-27 13:00:00,48,24,146.445,58.332384132620824,0.28811261800419763,1.0235502058388628,133.33238413262083,0.0,0.0,133.33238413262083,0.0,0.0,133.33238413262083,13.112615867379162,1000.0,1000.0,0.0,3765.643302402721,0.0016481876373291016,2,0.0
298626,2014-01-27 14:00:00,48,24,109.025,59.434764781668754,0.7060629231246491,1.0565999447842358,134.43476478166875,0.0,0.0,109.025,0.0,0.0,109.025,0.0,1000.0,1000.0,0.0,3765.643302402721,0.0016481876373291016,2,0.0
298627,2014-01-27 15:00:00,48,24,112.961,61.37886179140903,0.3969170917134158,1.088867347677357,136.37886179140904,0.0,0.0,112.961,0.0,0.0,112.961,0.0,1000.0,1000.0,0.0,3765.643302402721,0.0016481876373291016,2,0.0
298628,2014-01-27 16:00:00,48,24,107.95,64.41524308701122,0.566013950144657,0.8600301513061772,139.41524308701122,0.0,0.0,107.95,0.0,0.0,107.95,0.0,1000.0,1000.0,0.0,3765.643302402721,0.0016481876373291016,2,0.0
298629,2014-01-27 17:00:00,48,24,87.027,68.91723261379907,0.10187538687311007,1.0144778715991816,143.91723261379906,0.0,0.0,87.027,0.0,0.0,87.027,0.0,1000.0,1000.0,0.0,3765.643302402721,0.0016481876373291016,2,0.0
298630,2014-01-27 18:00:00,48,24,67.647,74.99351734318977,-0.0032821990276301677,0.9433742719647347,149.99351734318975,0.0,0.0,67.647,0.0,0.0,67.647,0.0,1000.0,1000.0,0.0,3765.643302402721,0.0016481876373291016,2,0.0
298631,2014-01-27 19:00:00,48,24,67.169,82.5808296465501,0.12004197683999332,0.8310080355011789,157.58082964655011,0.0,0.0,67.169,0.0,0.0,67.169,0.0,1000.0,1000.0,0.0,3765.643302402721,0.0016481876373291016,2,0.0
298632,2014-01-27 20:00:00,48,24,62.21,92.30746206546706,0.6406691360379764,0.8585279961208001,167.30746206546706,0.0,0.0,62.21,0.0,0.0,62.21,0.0,1000.0,1000.0,0.0,3765.643302402721,0.0016481876373291016,2,0.0
298633,2014-01-27 21:00:00,48,24,67.574,101.04124897805417,1.0379593976666783,0.7255413306500959,176.04124897805417,0.0,0.0,67.574,0.0,0.0,67.574,0.0,1000.0,1000.0,0.0,3765.643302402721,0.0016481876373291016,2,0.0
298634,2014-01-27 22:00:00,48,24,66.33,109.90763645054415,0.8068400030879967,0.9301571998849092,184.90763645054415,0.0,0.0,66.33,0.0,0.0,66.33,0.0,1000.0,1000.0,0.0,3765.643302402721,0.0016481876373291016,2,0.0
298635,2014-01-27 23:00:00,48,24,74.212,116.62643082570149,1.047031275738376,0.9604095032173335,191.6264308257015,0.0,0.0,74.212,0.0,0.0,74.212,0.0,1000.0,1000.0,0.0,3765.643302402721,0.0016481876373291016,2,0.0
298636,2014-01-28 00:00:00,48,24,88.85,84.24852806311507,0.8006954211874333,0.8066161718441156,159.2485280631151,0.0,0.0,88.85,0.0,0.0,88.85,0.0,1000.0,1000.0,0.0,4834.592096125067,0.0011701583862304688,2,0.0
298637,2014-01-28 01:00:00,48,24,113.106,96.25934679086862,0.7477095337840236,0.85830906098547,171.25934679086862,0.0,0.0,113.106,0.0,0.0,113.106,0.0,1000.0,1000.0,0.0,4834.592096125067,0.0011701583862304688,2,0.0
298638,2014-01-28 02:00:00,48,24,114.346,105.18301523356608,0.1812503240813549,0.820548553539998,180.1830152335661,0.0,0.0,114.346,0.0,0.0,114.346,0.0,1000.0,1000.0,0.0,4834.592096125067,0.0011701583862304688,2,0.0
298639,2014-01-28 03:00:00,48,24,124.201,109.47576528817659,1.0027542086132084,0.8909198634455309,184.4757652881766,0.0,0.0,124.201,0.0,0.0,124.201,0.0,1000.0,1000.0,0.0,4834.592096125067,0.0011701583862304688,2,0.0
298640,2014-01-28 04:00:00,48,24,109.963,111.6901038935026,0.4227591083469795,0.8454312871158133,186.6901038935026,0.0,0.0,109.963,0.0,0.0,109.963,0.0,1000.0,1000.0,0.0,4834.592096125067,0.0011701583862304688,2,0.0
298641,2014-01-28 05:00:00,48,24,89.834,111.3843534381633,0.1249192815369846,0.9996862352981862,186.38435343816332,0.0,0.0,89.834,0.0,0.0,89.834,0.0,1000.0,1000.0,0.0,4834.592096125067,0.0011701583862304688,2,0.0
298642,2014-01-28 06:00:00,48,24,62.601,109.97545983811493,0.18157684775723024,1.0551843188473873,184.97545983811494,0.0,0.0,62.601,0.0,0.0,62.601,0.0,1000.0,1000.0,0.0,4834.592096125067,0.0011701583862304688,2,0.0
298643,2014-01-28 07:00:00,48,24,68.56,105.58920305025143,0.9586369782524553,0.8711467481937717,180.58920305025143,0.0,0.0,68.56,0.0,0.0,68.56,0.0,1000.0,1000.0,0.0,4834.592096125067,0.0011701583862304688,2,0.0
298644,2014-01-28 08:00:00,48,24,73.718,102.21638945650426,0.888233450292562,1.0489411165804388,177.21638945650426,0.0,0.0,73.718,0.0,0.0,73.718,0.0,1000.0,1000.0,0.0,4834.592096125067,0.0011701583862304688,2,0.0
298645,2014-01-28 09:00:00,48,24,72.019,97.53997162439198,0.025023587160265672,0.8925199136353098,172.53997162439197,0.0,0.0,72.019,0.0,0.0,72.019,0.0,1000.0,1000.0,0.0,4834.592096125067,0.0011701583862304688,2,0.0
298646,2014-01-28 10:00:00,48,24,57.733,93.19527892072301,1.175693020945009,0.9518744612102173,168.195278920723,0.0,0.0,57.733,0.0,0.0,57.733,0.0,1000.0,1000.0,0.0,4834.592096125067,0.0011701583862304688,2,0.0
298647,2014-01-28 11:00:00,48,24,77.451,92.14714811869335,0.5550308810470316,1.0910598067520998,167.14714811869334,0.0,0.0,77.451,0.0,0.0,77.451,0.0,1000.0,1000.0,0.0,4834.592096125067,0.0011701583862304688,2,0.0
298648,2014-01-28 12:00:00,48,24,59.308,88.10667869686553,0.5786296376216593,1.075702663754239,163.10667869686552,0.0,0.0,59.308,0.0,0.0,59.308,0.0,1000.0,1000.0,0.0,4834.592096125067,0.0011701583862304688,2,0.0
298649,2014-01-28 13:00:00,48,24,46.868,86.47138068832206,0.47550752398611607,1.1483206494078235,161.47138068832206,0.0,0.0,46.868,0.0,0.0,46.868,0.0,1000.0,1000.0,0.0,4834.592096125067,0.0011701583862304688,2,0.0
298650,2014-01-28 14:00:00,48,24,35.378,83.95400601115584,0.19938723007770406,1.1829853672612605,158.95400601115585,0.0,0.0,35.378,0.0,0.0,35.378,0.0,1000.0,1000.0,0.0,4834.592096125067,0.0011701583862304688,2,0.0
298651,2014-01-28 15:00:00,48,24,29.408,83.08275019275811,1.002605788760538,1.2359446362687723,158.0827501927581,0.0,0.0,29.408,0.0,0.0,29.408,0.0,1000.0,1000.0,0.0,4834.592096125067,0.0011701583862304688,2,0.0
298652,2014-01-28 16:00:00,48,24,21.19,83.93941475155508,0.9538943931140419,1.0339606013776743,158.9394147515551,0.0,0.0,21.19,0.0,0.0,21.19,0.0,1000.0,1000.0,0.0,4834.592096125067,0.0011701583862304688,2,0.0
298653,2014-01-28 17:00:00,48,24,9.575,84.95287033223573,0.6523646204284208,1.0922155944193475,159.95287033223573,0.0,0.0,9.575,0.0,0.0,9.575,0.0,1000.0,1000.0,0.0,4834.592096125067,0.0011701583862304688,2,0.0
298654,2014-01-28 18:00:00,48,24,1.361,88.7406857208486,0.606087310365723,1.0938218371355846,163.7406857208486,0.0,0.0,1.361,0.0,0.0,1.361,0.0,1000.0,1000.0,0.0,4834.592096125067,0.0011701583862304688,2,0.0
298655,2014-01-28 19:00:00,48,24,0.0,95.17954757159538,0.6784271465573808,0.9619637239727624,170.17954757159538,0.0,0.0,0.0,0.0,0.0,0.0,0.0,1000.0,1000.0,0.0,4834.592096125067,0.0011701583862304688,2,0.0
298656,2014-01-28 20:00:00,48,24,0.0,104.09368048391998,0.32043846191585756,0.9342201228278605,179.09368048391997,0.0,0.0,0.0,0.0,0.0,0.0,0.0,1000.0,1000.0,0.0,4834.592096125067,0.0011701583862304688,2,0.0
298657,2014-01-28 21:00:00,48,24,0.0,112.25154935345807,0.2451599126413217,0.7698162419739104,187.25154935345807,0.0,0.0,0.0,0.0,0.0,0.0,0.0,1000.0,1000.0,0.0,4834.592096125067,0.0011701583862304688,2,0.0
298658,2014-01-28 22:00:00,48,24,0.094,119.31708362164923,0.9916524036334464,1.012531641888307,194.31708362164923,0.0,0.0,0.094,0.0,0.0,0.094,0.0,1000.0,1000.0,0.0,4834.592096125067,0.0011701583862304688,2,0.0
298659,2014-01-28 23:00:00,48,24,0.994,125.41297182180824,0.2057099158014723,0.9614848293612265,200.41297182180824,0.0,0.0,0.994,0.0,0.0,0.994,0.0,1000.0,1000.0,0.0,4834.592096125067,0.0011701583862304688,2,0.0
298660,2014-01-29 00:00:00,48,24,9.293,11.831212633751761,0.5857834745203829,0.5351108313201125,86.83121263375176,0.0,0.0,9.293,0.0,0.0,9.293,0.0,1000.0,1000.0,0.0,3174.3613026593252,0.0011148452758789062,2,0.0
298661,2014-01-29 01:00:00,48,24,20.348,23.536318963068055,0.35899793963968346,0.5115555802769363,98.53631896306806,0.0,0.0,20.348,0.0,0.0,20.348,0.0,1000.0,1000.0,0.0,3174.3613026593252,0.0011148452758789062,2,0.0
298662,2014-01-29 02:00:00,48,24,32.424,33.0973876906515,0.4894293061666198,0.5926354870168445,108.0973876906515,0.0,0.0,32.424,0.0,0.0,32.424,0.0,1000.0,1000.0,0.0,3174.3613026593252,0.0011148452758789062,2,0.0
298663,2014-01-29 03:00:00,48,24,37.887,37.61074507920938,0.7534682240676435,0.7355658215346401,112.61074507920938,0.0,0.0,37.887,0.0,0.0,37.887,0.0,1000.0,1000.0,0.0,3174.3613026593252,0.0011148452758789062,2,0.0
298664,2014-01-29 04:00:00,48,24,37.725,42.22886913846612,0.5287605671243327,0.5941170951838746,117.22886913846612,0.0,0.0,37.725,0.0,0.0,37.725,0.0,1000.0,1000.0,0.0,3174.3613026593252,0.0011148452758789062,2,0.0
298665,2014-01-29 05:00:00,48,24,32.289,43.318307751900434,0.4886872069032666,0.8960264564748381,118.31830775190043,0.0,0.0,32.289,0.0,0.0,32.289,0.0,1000.0,1000.0,0.0,3174.3613026593252,0.0011148452758789062,2,0.0
298666,2014-01-29 06:00:00,48,24,52.473,45.00623701023284,0.49121034439866706,0.6739084083801238,120.00623701023284,0.0,0.0,52.473,0.0,0.0,52.473,0.0,1000.0,1000.0,0.0,3174.3613026593252,0.0011148452758789062,2,0.0
298667,2014-01-29 07:00:00,48,24,72.437,44.86662614434269,1.079665376267121,0.5981342293511168,119.86662614434269,0.0,0.0,72.437,0.0,0.0,72.437,0.0,1000.0,1000.0,0.0,3174.3613026593252,0.0011148452758789062,2,0.0
298668,2014-01-29 08:00:00,48,24,93.761,45.74934892726644,0.3505380080374583,0.7324209322330993,120.74934892726644,0.0,0.0,93.761,0.0,0.0,93.761,0.0,1000.0,1000.0,0.0,3174.3613026593252,0.0011148452758789062,2,0.0
298669,2014-01-29 09:00:00,48,24,86.675,46.219787552819504,0.6939518631467271,0.5239987454318535,121.2197875528195,0.0,0.0,86.675,0.0,0.0,86.675,0.0,1000.0,1000.0,0.0,3174.3613026593252,0.0011148452758789062,2,0.0
298670,2014-01-29 10:00:00,48,24,75.115,48.38508238981035,0.6127958877064349,0.7171603191715474,123.38508238981035,0.0,0.0,75.115,0.0,0.0,75.115,0.0,1000.0,1000.0,0.0,3174.3613026593252,0.0011148452758789062,2,0.0
298671,2014-01-29 11:00:00,48,24,99.398,50.86947029546782,0.5930857312717772,0.730303598839521,125.86947029546782,0.0,0.0,99.398,0.0,0.0,99.398,0.0,1000.0,1000.0,0.0,3174.3613026593252,0.0011148452758789062,2,0.0
298672,2014-01-29 12:00:00,48,24,112.585,50.4278991072248,0.5929076274485725,0.8351157278196188,125.4278991072248,0.0,0.0,112.585,0.0,0.0,112.585,0.0,1000.0,1000.0,0.0,3174.3613026593252,0.0011148452758789062,2,0.0
298673,2014-01-29 13:00:00,48,24,113.735,51.095549572167265,0.44151937772454514,0.8941861404224232,126.09554957216727,0.0,0.0,113.735,0.0,0.0,113.735,0.0,1000.0,1000.0,0.0,3174.3613026593252,0.0011148452758789062,2,0.0
298674,2014-01-29 14:00:00,48,24,138.095,50.82203915971744,0.5663404738205323,0.9709365268729001,125.82203915971743,0.0,0.0,125.82203915971743,0.0,0.0,125.82203915971743,12.272960840282565,1000.0,1000.0,0.0,3174.3613026593252,0.0011148452758789062,2,0.0
298675,2014-01-29 15:00:00,48,24,148.091,53.75392915041926,0.5755425046861106,1.0249831602440251,128.75392915041925,0.0,0.0,128.75392915041925,0.0,0.0,128.75392915041925,19.337070849580755,1000.0,1000.0,0.0,3174.3613026593252,0.0011148452758789062,2,0.0
298676,2014-01-29 16:00:00,48,24,170.639,57.258742713047766,0.6400160886862255,0.7281674858755813,132.25874271304775,0.0,0.0,132.25874271304775,0.0,0.0,132.25874271304775,38.38025728695226,1000.0,1000.0,0.0,3174.3613026593252,0.0011148452758789062,2,0.0
298677,2014-01-29 17:00:00,48,24,178.377,62.473513330104076,0.5306009732974482,0.9854424091444873,137.47351333010408,0.0,0.0,137.47351333010408,0.0,0.0,137.47351333010408,40.903486669895926,1000.0,1000.0,0.0,3174.3613026593252,0.0011148452758789062,2,0.0
298678,2014-01-29 18:00:00,48,24,194.036,69.84479575472122,0.4415787456656135,0.8297016999364923,144.84479575472122,0.0,0.0,144.84479575472122,0.0,0.0,144.84479575472122,49.19120424527878,1000.0,1000.0,0.0,3174.3613026593252,0.0011148452758789062,2,0.0
298679,2014-01-29 19:00:00,48,24,204.521,76.75787041507488,0.598102322292044,0.7832309819003156,151.75787041507488,0.0,0.0,151.75787041507488,0.0,0.0,151.75787041507488,52.76312958492511,1000.0,1000.0,0.0,3174.3613026593252,0.0011148452758789062,2,0.0
298680,2014-01-29 20:00:00,48,24,204.997,85.49011993730528,0.5487081953232633,0.7794312153372333,160.49011993730528,0.0,0.0,160.49011993730528,0.0,0.0,160.49011993730528,44.506880062694734,1000.0,1000.0,0.0,3174.3613026593252,0.0011148452758789062,2,0.0
298681,2014-01-29 21:00:00,48,24,205.021,93.48028551221586,0.6153487091723693,0.7093311330817552,168.48028551221586,0.0,0.0,168.48028551221586,0.0,0.0,168.48028551221586,36.54071448778413,1000.0,1000.0,0.0,3174.3613026593252,0.0011148452758789062,2,0.0
298682,2014-01-29 22:00:00,48,24,205.024,101.07367648073453,0.6367508519274722,0.9011455324912336,176.07367648073455,0.0,0.0,176.07367648073455,0.0,0.0,176.07367648073455,28.950323519265453,1000.0,1000.0,0.0,3174.3613026593252,0.0011148452758789062,2,0.0
298683,2014-01-29 23:00:00,48,24,205.036,108.23157880328178,0.6476151851429611,0.8611486986652519,183.23157880328176,0.0,0.0,183.23157880328176,0.0,0.0,183.23157880328176,21.804421196718238,1000.0,1000.0,0.0,3174.3613026593252,0.0011148452758789062,2,0.0
298684,2014-01-30 00:00:00,48,24,205.051,201.194592725705,0.599052209349136,0.635461512538632,249.0,0.0,0.0,205.051,0.0,0.0,205.051,0.0,1000.0,1000.0,0.0,5062.638810794475,0.0026481151580810547,2,0.0
298685,2014-01-30 01:00:00,48,24,205.174,197.7788473739904,0.6035344888997884,0.641327872086384,249.0,0.0,0.0,205.174,0.0,0.0,205.174,0.0,1000.0,1000.0,0.0,5062.638810794475,0.0026481151580810547,2,0.0
298686,2014-01-30 02:00:00,48,24,205.188,193.46068187654993,0.4306550445090561,0.7050300790514286,249.0,0.0,0.0,205.188,0.0,0.0,205.188,0.0,1000.0,1000.0,0.0,5062.638810794475,0.0026481151580810547,2,0.0
298687,2014-01-30 03:00:00,48,24,205.201,186.70097371224952,0.5566041314853399,0.6918844909018941,249.0,0.0,0.0,205.201,0.0,0.0,205.201,0.0,1000.0,1000.0,1.0,5062.638810794475,0.0026481151580810547,2,0.0
298688,2014-01-30 04:00:00,48,24,205.221,178.01339122010035,0.4240058351094127,0.6551427879567359,249.0,0.0,0.0,205.221,0.0,0.0,205.221,0.0,1000.0,1000.0,1.0,5062.638810794475,0.0026481151580810547,2,0.0
298689,2014-01-30 05:00:00,48,24,205.217,168.78545671022277,0.4573409340192327,0.7977842596239961,243.78545671022277,0.0,0.0,205.217,0.0,0.0,205.217,0.0,1000.0,1000.0,0.0,5062.638810794475,0.0026481151580810547,2,0.0
298690,2014-01-30 06:00:00,48,24,205.223,159.73168037187315,0.43210955906522813,0.7546259669724112,234.73168037187315,0.0,0.0,205.223,0.0,0.0,205.223,0.0,1000.0,1000.0,0.0,5062.638810794475,0.0026481151580810547,2,0.0
298691,2014-01-30 07:00:00,48,24,205.242,149.79739105059014,0.6500789546972933,0.6825937951548408,224.79739105059014,0.0,0.0,205.242,0.0,0.0,205.242,0.0,1000.0,1000.0,0.0,5062.638810794475,0.0026481151580810547,2,0.0
298692,2014-01-30 08:00:00,48,24,205.232,140.84115620569335,0.5608786232422538,0.7440716000251969,215.84115620569335,0.0,0.0,205.232,0.0,0.0,205.232,0.0,1000.0,1000.0,0.0,5062.638810794475,0.0026481151580810547,2,0.0
298693,2014-01-30 09:00:00,48,24,205.129,134.4834766077754,0.4882122633747206,0.6462214684247408,209.4834766077754,0.0,0.0,205.129,0.0,0.0,205.129,0.0,1000.0,1000.0,0.0,5062.638810794475,0.0026481151580810547,2,0.0
298694,2014-01-30 10:00:00,48,24,205.238,128.94697334089068,0.5726928435148348,0.7698024042241381,203.94697334089068,0.0,0.0,203.94697334089068,0.0,0.0,203.94697334089068,1.2910266591093205,1000.0,1000.0,0.0,5062.638810794475,0.0026481151580810547,2,0.0
298695,2014-01-30 11:00:00,48,24,205.209,125.03956179505067,0.6971280479938783,0.8551621156838919,200.03956179505067,0.0,0.0,200.03956179505067,0.0,0.0,200.03956179505067,5.16943820494933,1000.0,1000.0,0.0,5062.638810794475,0.0026481151580810547,2,0.0
298696,2014-01-30 12:00:00,48,24,205.224,119.2461057919208,0.5787186895332616,0.9052259614490407,194.2461057919208,0.0,0.0,194.2461057919208,0.0,0.0,194.2461057919208,10.977894208079192,1000.0,1000.0,0.0,5062.638810794475,0.0026481151580810547,2,0.0
298697,2014-01-30 13:00:00,48,24,205.176,116.18122387029644,0.6031782812533789,0.9693418767936071,191.18122387029644,0.0,0.0,191.18122387029644,0.0,0.0,191.18122387029644,13.994776129703553,1000.0,1000.0,0.0,5062.638810794475,0.0026481151580810547,2,0.0
298698,2014-01-30 14:00:00,48,24,205.065,112.84579306014761,0.5781250101225792,1.0244067650973554,187.84579306014763,0.0,0.0,187.84579306014763,0.0,0.0,187.84579306014763,17.21920693985237,1000.0,1000.0,0.0,5062.638810794475,0.0026481151580810547,2,0.0
298699,2014-01-30 15:00:00,48,24,205.065,112.11665173048817,0.5219926218425527,1.0791610879731794,187.11665173048817,0.0,0.0,187.11665173048817,0.0,0.0,187.11665173048817,17.948348269511825,1000.0,1000.0,0.0,5062.638810794475,0.0026481151580810547,2,0.0
298700,2014-01-30 16:00:00,48,24,205.051,112.38046576597377,1.0320098818581962,0.8599365723579679,187.38046576597378,0.0,0.0,187.38046576597378,0.0,0.0,187.38046576597378,17.670534234026206,1000.0,1000.0,0.0,5062.638810794475,0.0026481151580810547,2,0.0
298701,2014-01-30 17:00:00,48,24,198.884,114.37161819587723,0.49542546821451244,0.9814129780712306,189.37161819587723,0.0,0.0,189.37161819587723,0.0,0.0,189.37161819587723,9.512381804122754,1000.0,1000.0,0.0,5062.638810794475,0.0026481151580810547,2,0.0
298702,2014-01-30 18:00:00,48,24,204.09,118.51412914407591,0.48761858396403807,0.9087258168990199,193.51412914407592,0.0,0.0,193.51412914407592,0.0,0.0,193.51412914407592,10.57587085592408,1000.0,1000.0,0.0,5062.638810794475,0.0026481151580810547,2,0.0
298703,2014-01-30 19:00:00,48,24,205.016,121.85303856941891,0.5773303930652042,0.8658257512251838,196.8530385694189,0.0,0.0,196.8530385694189,0.0,0.0,196.8530385694189,8.162961430581078,1000.0,1000.0,0.0,5062.638810794475,0.0026481151580810547,2,0.0
298704,2014-01-30 20:00:00,48,24,204.906,125.45174220475202,0.5707337014595827,0.836383004380558,200.451742204752,0.0,0.0,200.451742204752,0.0,0.0,200.451742204752,4.454257795247997,1000.0,1000.0,0.0,5062.638810794475,0.0026481151580810547,2,0.0
298705,2014-01-30 21:00:00,48,24,205.25,129.91348287980384,0.9459390890108972,0.7375534009289885,204.91348287980384,0.0,0.0,204.91348287980384,0.0,0.0,204.91348287980384,0.336517120196163,1000.0,1000.0,0.0,5062.638810794475,0.0026481151580810547,2,0.0
298706,2014-01-30 22:00:00,48,24,205.179,131.07863349978163,0.7206080686863695,0.9612906287605046,206.07863349978163,0.0,0.0,205.179,0.0,0.0,205.179,0.0,1000.0,1000.0,0.0,5062.638810794475,0.0026481151580810547,2,0.0
298707,2014-01-30 23:00:00,48,24,205.163,133.98070582343783,1.5506906207025843,0.8940432600117185,208.98070582343783,0.0,0.0,205.163,0.0,0.0,205.163,0.0,1000.0,1000.0,0.0,5062.638810794475,0.0026481151580810547,2,0.0
298708,2014-01-31 00:00:00,48,24,205.075,200.3254005771958,0.7887624650327159,1.029425935355325,249.0,0.0,0.0,205.075,0.0,0.0,205.075,0.0,1000.0,1000.0,0.0,5828.272906856504,0.0015261173248291016,2,0.0
298709,2014-01-31 01:00:00,48,24,205.108,193.663189054099,0.715472741783966,1.1120949289109847,249.0,0.0,0.0,205.108,0.0,0.0,205.108,0.0,1000.0,1000.0,0.0,5828.272906856504,0.0015261173248291016,2,0.0
298710,2014-01-31 02:00:00,48,24,204.924,187.25928427906712,0.5066163251058768,1.0466674901391626,249.0,0.0,0.0,204.924,0.0,0.0,204.924,0.0,1000.0,1000.0,0.0,5828.272906856504,0.0015261173248291016,2,0.0
298711,2014-01-31 03:00:00,48,24,204.285,178.93579126825705,0.5986366337616581,0.9175609420868692,249.0,0.0,0.0,204.285,0.0,0.0,204.285,0.0,1000.0,1000.0,0.0,5828.272906856504,0.0015261173248291016,2,0.0
298712,2014-01-31 04:00:00,48,24,204.238,170.00098942109264,0.5824885537910952,0.9645374104461886,245.00098942109264,0.0,0.0,204.238,0.0,0.0,204.238,0.0,1000.0,1000.0,1.0,5828.272906856504,0.0015261173248291016,2,0.0
298713,2014-01-31 05:00:00,48,24,204.834,158.74128797358287,0.5828447614375047,0.9791501078758031,233.74128797358287,0.0,0.0,204.834,0.0,0.0,204.834,0.0,1000.0,1000.0,0.0,5828.272906856504,0.0015261173248291016,2,0.0
298714,2014-01-31 06:00:00,48,24,204.771,149.23153018903974,0.4944162132163522,1.1085826093107227,224.23153018903974,0.0,0.0,204.771,0.0,0.0,204.771,0.0,1000.0,1000.0,0.0,5828.272906856504,0.0015261173248291016,2,0.0
298715,2014-01-31 07:00:00,48,24,205.119,137.70107556506485,0.8992758873312554,0.9549098810297872,212.70107556506485,0.0,0.0,205.119,0.0,0.0,205.119,0.0,1000.0,1000.0,0.0,5828.272906856504,0.0015261173248291016,2,0.0
298716,2014-01-31 08:00:00,48,24,205.102,128.5590702501106,0.5096509402474038,1.0680746049846428,203.5590702501106,0.0,0.0,203.5590702501106,0.0,0.0,203.5590702501106,1.542929749889396,1000.0,1000.0,0.0,5828.272906856504,0.0015261173248291016,2,0.0
298717,2014-01-31 09:00:00,48,24,201.547,121.6441631624941,0.4621794212162948,0.9885670633145218,196.6441631624941,0.0,0.0,196.6441631624941,0.0,0.0,196.6441631624941,4.902836837505902,1000.0,1000.0,0.0,5828.272906856504,0.0015261173248291016,2,0.0
298718,2014-01-31 10:00:00,48,24,198.425,118.43006872703727,-0.025646950541482257,1.0308931407126138,193.43006872703728,0.0,0.0,193.43006872703728,0.0,0.0,193.43006872703728,4.994931272962731,1000.0,1000.0,0.0,5828.272906856504,0.0015261173248291016,2,0.0
298719,2014-01-31 11:00:00,48,24,166.138,113.75977468648108,0.5814835393601544,1.1609235204258437,188.75977468648108,0.0,0.0,166.138,0.0,0.0,166.138,0.0,1000.0,1000.0,0.0,5828.272906856504,0.0015261173248291016,2,0.0
298720,2014-01-31 12:00:00,48,24,144.07,110.23195511708985,-0.005996162047892841,1.1101796837276234,185.23195511708985,0.0,0.0,144.07,0.0,0.0,144.07,0.0,1000.0,1000.0,0.0,5828.272906856504,0.0015261173248291016,2,0.0
298721,2014-01-31 13:00:00,48,24,149.54,109.51175824499171,0.40776870322724734,1.2317495300877366,184.5117582449917,0.0,0.0,149.54,0.0,0.0,149.54,0.0,1000.0,1000.0,0.0,5828.272906856504,0.0015261173248291016,2,0.0
298722,2014-01-31 14:00:00,48,24,103.408,106.3288199839497,0.6368992717801426,1.230454589853097,181.3288199839497,0.0,0.0,103.408,0.0,0.0,103.408,0.0,1000.0,1000.0,0.0,5828.272906856504,0.0015261173248291016,2,0.0
298723,2014-01-31 15:00:00,48,24,50.395,106.1320547551908,0.056132388280026556,1.2608598301860827,181.13205475519078,0.0,0.0,50.395,0.0,0.0,50.395,0.0,1000.0,1000.0,0.0,5828.272906856504,0.0015261173248291016,2,0.0
298724,2014-01-31 16:00:00,48,24,34.796,108.14347043326694,-0.0048384871970620445,1.1184710301214713,183.14347043326694,0.0,0.0,34.796,0.0,0.0,34.796,0.0,1000.0,1000.0,0.0,5828.272906856504,0.0015261173248291016,2,0.0
298725,2014-01-31 17:00:00,48,24,28.605,109.74842171085346,0.1439375731199623,1.0386721641835472,184.74842171085345,0.0,0.0,28.605,0.0,0.0,28.605,0.0,1000.0,1000.0,0.0,5828.272906856504,0.0015261173248291016,2,0.0
298726,2014-01-31 18:00:00,48,24,4.53,113.07736112022305,0.4669882244428227,0.9821687618093795,188.07736112022303,0.0,0.0,4.53,0.0,0.0,4.53,0.0,1000.0,1000.0,0.0,5828.272906856504,0.0015261173248291016,2,0.0
298727,2014-01-31 19:00:00,48,24,6.94,116.71624347634337,-0.022411397753262854,0.9818008837062553,191.71624347634338,0.0,0.0,6.94,0.0,0.0,6.94,0.0,1000.0,1000.0,0.0,5828.272906856504,0.0015261173248291016,2,0.0
298728,2014-01-31 20:00:00,48,24,23.263,120.49853752693635,0.6278753447377692,0.9389645434696999,195.49853752693633,0.0,0.0,23.263,0.0,0.0,23.263,0.0,1000.0,1000.0,0.0,5828.272906856504,0.0015261173248291016,2,0.0
298729,2014-01-31 21:00:00,48,24,8.074,127.33225907399063,0.4530751728418879,0.7747405139193344,202.33225907399063,0.0,0.0,8.074,0.0,0.0,8.074,0.0,1000.0,1000.0,0.0,5828.272906856504,0.0015261173248291016,2,0.0
298730,2014-01-31 22:00:00,48,24,49.283,132.56780891354336,0.017399373497693625,1.004689719517245,207.56780891354336,0.0,0.0,49.283,0.0,0.0,49.283,0.0,1000.0,1000.0,0.0,5828.272906856504,0.0015261173248291016,2,0.0
298731,2014-01-31 23:00:00,48,24,160.577,137.28874991257527,0.2613376765824187,0.9305000993487764,212.28874991257527,0.0,0.0,160.577,0.0,0.0,160.577,0.0,1000.0,1000.0,0.0,5828.272906856504,0.0015261173248291016,2,0.0
298732,2014-02-01 00:00:00,48,24,211.56,185.69074565272837,0.7333128080749739,0.31643619811772794,249.0,0.0,0.0,211.56,0.0,0.0,211.56,0.0,1000.0,1000.0,0.0,4331.729236451832,0.001605987548828125,2,0.0
298733,2014-02-01 01:00:00,48,24,210.135,193.01977592100485,0.7047568284211478,0.4278737983649824,249.0,0.0,0.0,210.135,0.0,0.0,210.135,0.0,1000.0,1000.0,0.0,4331.729236451832,0.001605987548828125,2,0.0
298734,2014-02-01 02:00:00,48,24,208.837,190.43839339004893,0.01707056643946949,0.49953783659058615,249.0,0.0,0.0,208.837,0.0,0.0,208.837,0.0,1000.0,1000.0,0.0,4331.729236451832,0.001605987548828125,2,0.0
298735,2014-02-01 03:00:00,48,24,179.923,184.57689986824636,0.6691771646624783,0.3854342818752685,249.0,0.0,0.0,179.923,0.0,0.0,179.923,0.0,1000.0,1000.0,0.0,4331.729236451832,0.001605987548828125,2,0.0
298736,2014-02-01 04:00:00,48,24,179.504,176.75910920417488,0.145303035764532,0.47356241707413477,249.0,0.0,0.0,179.504,0.0,0.0,179.504,0.0,1000.0,1000.0,1.0,4331.729236451832,0.001605987548828125,2,0.0
298737,2014-02-01 05:00:00,48,24,128.584,167.0553572297341,0.5045384471684884,0.5060922635400571,242.0553572297341,0.0,0.0,128.584,0.0,0.0,128.584,0.0,1000.0,1000.0,1.0,4331.729236451832,0.001605987548828125,2,0.0
298738,2014-02-01 06:00:00,48,24,55.322,158.12491125495137,0.03832200595955277,0.5590238909606507,233.12491125495137,0.0,0.0,55.322,0.0,0.0,55.322,0.0,1000.0,1000.0,0.0,4331.729236451832,0.001605987548828125,2,0.0
298739,2014-02-01 07:00:00,48,24,13.412,148.85936319391425,0.08427279234637514,0.4526639583282662,223.85936319391425,0.0,0.0,13.412,0.0,0.0,13.412,0.0,1000.0,1000.0,0.0,4331.729236451832,0.001605987548828125,2,0.0
298740,2014-02-01 08:00:00,48,24,1.563,139.47694686798587,0.8498223924214069,0.500536669688552,214.47694686798587,0.0,0.0,1.563,0.0,0.0,1.563,0.0,1000.0,1000.0,0.0,4331.729236451832,0.001605987548828125,2,0.0
298741,2014-02-01 09:00:00,48,24,11.603,130.29792127212067,0.4323767148000353,0.4640185513906998,205.29792127212067,0.0,0.0,11.603,0.0,0.0,11.603,0.0,1000.0,1000.0,0.0,4331.729236451832,0.001605987548828125,2,0.0
298742,2014-02-01 10:00:00,48,24,27.95,123.73103696318621,0.7584848150879103,0.6085938910004731,198.73103696318623,0.0,0.0,27.95,0.0,0.0,27.95,0.0,1000.0,1000.0,0.0,4331.729236451832,0.001605987548828125,2,0.0
298743,2014-02-01 11:00:00,48,24,32.893,120.89339807145993,3.932087156802601,0.7154867554838855,195.89339807145993,0.0,0.0,32.893,0.0,0.0,32.893,0.0,1000.0,1000.0,0.0,4331.729236451832,0.001605987548828125,2,0.0
298744,2014-02-01 12:00:00,48,24,45.541,116.54273071734269,0.6092338112423401,0.6585928208488439,191.5427307173427,0.0,0.0,45.541,0.0,0.0,45.541,0.0,1000.0,1000.0,0.0,4331.729236451832,0.001605987548828125,2,0.0
298745,2014-02-01 13:00:00,48,24,41.117,111.15083227414084,0.41097457204493265,0.8523336017637099,186.15083227414084,0.0,0.0,41.117,0.0,0.0,41.117,0.0,1000.0,1000.0,0.0,4331.729236451832,0.001605987548828125,2,0.0
298746,2014-02-01 14:00:00,48,24,37.135,108.94053005070603,0.5659842661741228,0.8925762017814716,183.94053005070603,0.0,0.0,37.135,0.0,0.0,37.135,0.0,1000.0,1000.0,0.0,4331.729236451832,0.001605987548828125,2,0.0
298747,2014-02-01 15:00:00,48,24,23.421,107.49613296324019,0.8046137052979375,0.863031590582334,182.4961329632402,0.0,0.0,23.421,0.0,0.0,23.421,0.0,1000.0,1000.0,0.0,4331.729236451832,0.001605987548828125,2,0.0
298748,2014-02-01 16:00:00,48,24,24.37,107.06502088205437,0.7239623573567253,0.6844536471403,182.06502088205437,0.0,0.0,24.37,0.0,0.0,24.37,0.0,1000.0,1000.0,0.0,4331.729236451832,0.001605987548828125,2,0.0
298749,2014-02-01 17:00:00,48,24,31.231,106.91657911040151,0.7605033250842309,0.8018055826532855,181.91657911040153,0.0,0.0,31.231,0.0,0.0,31.231,0.0,1000.0,1000.0,0.0,4331.729236451832,0.001605987548828125,2,0.0
298750,2014-02-01 18:00:00,48,24,37.482,109.02667196232449,0.457400301960301,0.7649796306892906,184.02667196232449,0.0,0.0,37.482,0.0,0.0,37.482,0.0,1000.0,1000.0,0.0,4331.729236451832,0.001605987548828125,2,0.0
298751,2014-02-01 19:00:00,48,24,84.13,116.08492129803273,0.8360787140641077,0.6843673539829512,191.08492129803273,0.0,0.0,84.13,0.0,0.0,84.13,0.0,1000.0,1000.0,0.0,4331.729236451832,0.001605987548828125,2,0.0
298752,2014-02-01 20:00:00,48,24,154.224,124.55663637193287,0.4145069645384932,0.7060281531705248,199.55663637193288,0.0,0.0,154.224,0.0,0.0,154.224,0.0,1000.0,1000.0,0.0,4331.729236451832,0.001605987548828125,2,0.0
298753,2014-02-01 21:00:00,48,24,188.312,135.27220742463848,4.030608255005355,0.5956723814647523,210.27220742463848,0.0,0.0,188.312,0.0,0.0,188.312,0.0,1000.0,1000.0,0.0,4331.729236451832,0.001605987548828125,2,0.0
298754,2014-02-01 22:00:00,48,24,208.484,146.93154687099255,3.7476309639035605,0.801592055665351,221.93154687099255,0.0,0.0,208.484,0.0,0.0,208.484,0.0,1000.0,1000.0,0.0,4331.729236451832,0.001605987548828125,2,0.0
298755,2014-02-01 23:00:00,48,24,224.866,158.12552707817426,5.40390746779602,0.8237544604798246,233.12552707817426,0.0,0.0,224.866,0.0,0.0,224.866,0.0,1000.0,1000.0,0.0,4331.729236451832,0.001605987548828125,2,0.0
298756,2014-02-02 00:00:00,48,24,225.984,224.24533925841132,0.6430096029454744,3.59818454724706,224.2453392584114,0.0,24.754660741588598,224.2453392584114,0.0,24.754660741588598,249.0,1.7386607415886033,1000.0,954.9915259243844,0.0,12813.89707105045,0.0018038749694824219,2,0.0
298757,2014-02-02 01:00:00,48,24,225.778,217.25814441167023,0.5807965674706501,3.665084096545341,217.25814441167023,0.0,31.74185558832977,217.25814441167023,0.0,31.74185558832977,249.0,8.519855588329762,954.9915259243844,897.2790612183303,0.0,12813.89707105045,0.0018038749694824219,2,0.0
298758,2014-02-02 02:00:00,48,24,225.771,206.41402441620198,0.3336775127740764,3.1111471858293838,225.50792367186014,0.0,23.49207632813985,225.50792367186014,0.0,23.49207632813985,249.0,0.2630763281398458,897.2790612183303,854.5661951671669,0.0,12813.89707105045,0.0018038749694824219,2,0.0
298759,2014-02-02 03:00:00,48,24,225.082,194.15331057264598,0.7472345902554779,3.058789351562732,249.0,0.0,0.0,225.082,0.0,0.0,225.082,0.0,854.5661951671669,854.5661951671669,0.0,12813.89707105045,0.0018038749694824219,2,0.0
298760,2014-02-02 04:00:00,48,24,225.948,181.44370920762623,0.4880044755809817,3.1723781280743135,181.44370920762623,0.0,67.55629079237377,181.44370920762623,0.0,67.55629079237377,249.0,44.50429079237378,854.5661951671669,731.7365755446692,0.0,12813.89707105045,0.0018038749694824219,2,0.0
298761,2014-02-02 05:00:00,48,24,225.735,168.84907194704684,0.37351340123086946,3.0320823380484723,243.84907194704684,0.0,0.0,225.735,0.0,0.0,225.735,0.0,731.7365755446692,731.7365755446692,0.0,12813.89707105045,0.0018038749694824219,2,0.0
298762,2014-02-02 06:00:00,48,24,216.414,156.544883450432,0.4713220841408048,3.469825262707314,156.544883450432,0.0,92.455116549568,156.544883450432,0.0,92.455116549568,249.0,59.86911654956799,731.7365755446692,563.6363636363637,0.0,12813.89707105045,0.0018038749694824219,2,0.0
298763,2014-02-02 07:00:00,48,24,195.147,145.92201259256362,2.3374345757389796,2.9331613624464925,220.92201259256362,0.0,0.0,195.147,0.0,0.0,195.147,0.0,563.6363636363637,563.6363636363637,0.0,12813.89707105045,0.0018038749694824219,2,0.0
298764,2014-02-02 08:00:00,48,24,167.154,135.7033997286199,0.723428045887111,3.420151428758958,149.0,0.0,100.0,149.0,0.0,100.0,249.0,18.153999999999996,563.6363636363637,381.8181818181819,0.0,12813.89707105045,0.0018038749694824219,2,0.0
298765,2014-02-02 09:00:00,48,24,119.66,128.46498690638725,0.49720650644655995,3.198574533328971,149.0,0.0,100.0,119.66,0.0,100.0,219.66,0.0,381.8181818181819,200.0000000000001,0.0,12813.89707105045,0.0018038749694824219,2,0.0
298766,2014-02-02 10:00:00,48,24,201.9,121.24343302765521,4.816612394160747,2.7416076446326385,196.24343302765521,0.0,0.0,196.24343302765521,0.0,0.0,196.24343302765521,5.656566972344791,200.0000000000001,200.0000000000001,0.0,12813.89707105045,0.0018038749694824219,2,0.0
298767,2014-02-02 11:00:00,48,24,140.368,117.76267941823721,2.0222501766076624,3.0419206189827004,192.7626794182372,0.0,0.0,140.368,0.0,0.0,140.368,0.0,200.0000000000001,200.0000000000001,0.0,12813.89707105045,0.0018038749694824219,2,0.0
298768,2014-02-02 12:00:00,48,24,130.288,115.15961906579196,0.5189054889070038,2.7690404609136134,190.15961906579196,0.0,0.0,130.288,0.0,0.0,130.288,0.0,200.0000000000001,200.0000000000001,0.0,12813.89707105045,0.0018038749694824219,2,0.0
298769,2014-02-02 13:00:00,48,24,108.818,111.18428973290548,0.018255641878485634,2.8124350591141676,186.18428973290548,0.0,0.0,108.818,0.0,0.0,108.818,0.0,200.0000000000001,200.0000000000001,0.0,12813.89707105045,0.0018038749694824219,2,0.0
298770,2014-02-02 14:00:00,48,24,87.124,110.03587156789497,0.7568521967085335,2.6431567669062543,185.03587156789496,0.0,0.0,87.124,0.0,0.0,87.124,0.0,200.0000000000001,200.0000000000001,0.0,12813.89707105045,0.0018038749694824219,2,0.0
298771,2014-02-02 15:00:00,48,24,59.686,108.26900220345169,0.6746869662700814,2.6801398743788845,183.2690022034517,0.0,0.0,59.686,0.0,0.0,59.686,0.0,200.0000000000001,200.0000000000001,0.0,12813.89707105045,0.0018038749694824219,2,0.0
298772,2014-02-02 16:00:00,48,24,65.703,108.84655414358245,2.26687577777937,2.564781325030218,183.84655414358247,0.0,0.0,65.703,0.0,0.0,65.703,0.0,200.0000000000001,200.0000000000001,0.0,12813.89707105045,0.0018038749694824219,2,0.0
298773,2014-02-02 17:00:00,48,24,28.417,112.78579799574676,0.6753400136218318,1.6977479214670876,187.78579799574675,0.0,0.0,28.417,0.0,0.0,28.417,0.0,200.0000000000001,200.0000000000001,0.0,12813.89707105045,0.0018038749694824219,2,0.0
298774,2014-02-02 18:00:00,48,24,6.884,118.45764567403529,0.6534332433676493,1.8393402936659538,193.4576456740353,0.0,0.0,6.884,0.0,0.0,6.884,0.0,200.0000000000001,200.0000000000001,0.0,12813.89707105045,0.0018038749694824219,2,0.0
298775,2014-02-02 19:00:00,48,24,3.9,127.23238412563003,0.7177287235445596,1.7255726946448138,202.23238412563003,0.0,0.0,3.9,0.0,0.0,3.9,0.0,200.0000000000001,200.0000000000001,0.0,12813.89707105045,0.0018038749694824219,2,0.0
298776,2014-02-02 20:00:00,48,24,1.02,135.4674175624247,0.69130998976919,1.5870479127298487,210.4674175624247,0.0,0.0,1.02,0.0,0.0,1.02,0.0,200.0000000000001,200.0000000000001,0.0,12813.89707105045,0.0018038749694824219,2,0.0
298777,2014-02-02 21:00:00,48,24,0.0,144.6633867150028,1.0248687666611302,1.027101956418886,219.6633867150028,0.0,0.0,0.0,0.0,0.0,0.0,0.0,200.0000000000001,200.0000000000001,0.0,12813.89707105045,0.0018038749694824219,2,0.0
298778,2014-02-02 22:00:00,48,24,0.0,150.95389857221016,1.0684151514346885,1.2717443961406578,225.95389857221016,0.0,0.0,0.0,0.0,0.0,0.0,0.0,200.0000000000001,200.0000000000001,1.0,12813.89707105045,0.0018038749694824219,2,0.0
298779,2014-02-02 23:00:00,48,24,0.0,155.0141624952222,0.8948529757216712,1.1185173745427697,230.0141624952222,0.0,0.0,0.0,0.0,0.0,0.0,0.0,200.0000000000001,200.0000000000001,0.0,12813.89707105045,0.0018038749694824219,2,0.0
298780,2014-02-03 00:00:00,48,24,2.569,10.568372808706485,1.1117240644439736,0.9490251943607542,85.56837280870648,0.0,0.0,2.569,0.0,0.0,2.569,0.0,200.0000000000001,200.0000000000001,1.0,3437.8778308002406,0.0009138584136962891,2,0.0
298781,2014-02-03 01:00:00,48,24,5.06,22.658131473703605,0.97036899676048,0.931417950216621,97.6581314737036,0.0,0.0,5.06,0.0,0.0,5.06,0.0,200.0000000000001,200.0000000000001,0.0,3437.8778308002406,0.0009138584136962891,2,0.0
298782,2014-02-03 02:00:00,48,24,7.243,31.388893563969205,0.45873608063433663,0.884769538376473,106.3888935639692,0.0,0.0,7.243,0.0,0.0,7.243,0.0,200.0000000000001,200.0000000000001,0.0,3437.8778308002406,0.0009138584136962891,2,0.0
298783,2014-02-03 03:00:00,48,24,7.464,35.68703161100932,1.297189512341174,0.9323702580366103,110.68703161100932,0.0,0.0,7.464,0.0,0.0,7.464,0.0,200.0000000000001,200.0000000000001,0.0,3437.8778308002406,0.0009138584136962891,2,0.0
298784,2014-02-03 04:00:00,48,24,8.229,38.82841963969599,0.4612295341592028,0.8866870209069538,113.828419639696,0.0,0.0,8.229,0.0,0.0,8.229,0.0,200.0000000000001,200.0000000000001,0.0,3437.8778308002406,0.0009138584136962891,2,0.0
298785,2014-02-03 05:00:00,48,24,9.0,39.623879072451,0.24815799366526814,1.0407081227060513,114.62387907245099,0.0,0.0,9.0,0.0,0.0,9.0,0.0,200.0000000000001,200.0000000000001,0.0,3437.8778308002406,0.0009138584136962891,2,0.0
298786,2014-02-03 06:00:00,48,24,4.65,41.66291186814556,0.6190592054891347,0.9681416081917815,116.66291186814556,0.0,0.0,4.65,0.0,0.0,4.65,0.0,200.0000000000001,200.0000000000001,0.0,3437.8778308002406,0.0009138584136962891,2,0.0
298787,2014-02-03 07:00:00,48,24,0.658,43.369883013653144,0.8510097512427717,0.8314648462185333,118.36988301365315,0.0,0.0,0.658,0.0,0.0,0.658,0.0,200.0000000000001,200.0000000000001,0.0,3437.8778308002406,0.0009138584136962891,2,0.0
298788,2014-02-03 08:00:00,48,24,0.0,45.621000235079315,1.0533060104328198,0.9937827669446033,120.62100023507932,0.0,0.0,0.0,0.0,0.0,0.0,0.0,200.0000000000001,200.0000000000001,0.0,3437.8778308002406,0.0009138584136962891,2,0.0
298789,2014-02-03 09:00:00,48,24,0.0,45.83345808853544,0.7396354937987424,0.811888754051872,120.83345808853544,0.0,0.0,0.0,0.0,0.0,0.0,0.0,200.0000000000001,200.0000000000001,0.0,3437.8778308002406,0.0009138584136962891,2,0.0
298790,2014-02-03 10:00:00,48,24,0.0,45.82138923398078,0.09549333320827363,0.9185983332955651,120.82138923398078,0.0,0.0,0.0,0.0,0.0,0.0,0.0,200.0000000000001,200.0000000000001,0.0,3437.8778308002406,0.0009138584136962891,2,0.0
298791,2014-02-03 11:00:00,48,24,0.0,48.55200020088702,0.6055826828666429,0.9963454563121116,123.55200020088702,0.0,0.0,0.0,0.0,0.0,0.0,0.0,200.0000000000001,200.0000000000001,0.0,3437.8778308002406,0.0009138584136962891,2,0.0
298792,2014-02-03 12:00:00,48,24,0.0,50.09149861384058,0.099203829525039,0.969906494521582,125.09149861384057,0.0,0.0,0.0,0.0,0.0,0.0,0.0,200.0000000000001,200.0000000000001,0.0,3437.8778308002406,0.0009138584136962891,2,0.0
298793,2014-02-03 13:00:00,48,24,0.062,51.19357530038934,0.5612051469181291,1.0870761171590748,126.19357530038934,0.0,0.0,0.062,0.0,0.0,0.062,0.0,200.0000000000001,200.0000000000001,0.0,3437.8778308002406,0.0009138584136962891,2,0.0
298794,2014-02-03 14:00:00,48,24,1.621,52.16830166771289,0.44897005432861004,1.1225324471909308,127.16830166771288,0.0,0.0,1.621,0.0,0.0,1.621,0.0,200.0000000000001,200.0000000000001,0.0,3437.8778308002406,0.0009138584136962891,2,0.0
298795,2014-02-03 15:00:00,48,24,5.823,54.51801076760752,0.14939942369824097,1.0897672502747418,129.5180107676075,0.0,0.0,5.823,0.0,0.0,5.823,0.0,200.0000000000001,200.0000000000001,0.0,3437.8778308002406,0.0009138584136962891,2,0.0
298796,2014-02-03 16:00:00,48,24,7.507,58.1681140073797,0.157621883536193,0.8281441569071233,133.1681140073797,0.0,0.0,7.507,0.0,0.0,7.507,0.0,200.0000000000001,200.0000000000001,0.0,3437.8778308002406,0.0009138584136962891,2,0.0
298797,2014-02-03 17:00:00,48,24,8.563,63.51212465210864,0.13194524902417662,0.9637516502946776,138.51212465210864,0.0,0.0,8.563,0.0,0.0,8.563,0.0,200.0000000000001,200.0000000000001,0.0,3437.8778308002406,0.0009138584136962891,2,0.0
298798,2014-02-03 18:00:00,48,24,12.823,70.20290715231351,0.19407379935209607,0.9211521140141234,145.20290715231351,0.0,0.0,12.823,0.0,0.0,12.823,0.0,200.0000000000001,200.0000000000001,0.0,3437.8778308002406,0.0009138584136962891,2,0.0
298799,2014-02-03 19:00:00,48,24,12.738,77.88275310764477,0.0666701978196402,0.8022454366151177,152.88275310764476,0.0,0.0,12.738,0.0,0.0,12.738,0.0,200.0000000000001,200.0000000000001,0.0,3437.8778308002406,0.0009138584136962891,2,0.0
298800,2014-02-03 20:00:00,48,24,9.845,87.75990845809237,0.41192445910202447,0.8013834031618927,162.75990845809235,0.0,0.0,9.845,0.0,0.0,9.845,0.0,200.0000000000001,200.0000000000001,0.0,3437.8778308002406,0.0009138584136962891,2,0.0
298801,2014-02-03 21:00:00,48,24,0.876,96.34827582726159,0.4749435285459678,0.6836295751476008,171.3482758272616,0.0,0.0,0.876,0.0,0.0,0.876,0.0,200.0000000000001,200.0000000000001,0.0,3437.8778308002406,0.0009138584136962891,2,0.0
298802,2014-02-03 22:00:00,48,24,0.793,104.73764242542357,0.27027255171318976,0.8978506871095954,179.7376424254236,0.0,0.0,0.793,0.0,0.0,0.793,0.0,200.0000000000001,200.0000000000001,0.0,3437.8778308002406,0.0009138584136962891,2,0.0
298803,2014-02-03 23:00:00,48,24,0.0,110.51623618809765,0.47049093296584926,0.9153144170118075,185.51623618809765,0.0,0.0,0.0,0.0,0.0,0.0,0.0,200.0000000000001,200.0000000000001,0.0,3437.8778308002406,0.0009138584136962891,2,0.0
298804,2014-02-04 00:00:00,48,24,0.466,9.280595629440825,0.4935850620413969,0.40543297208071866,75.0,9.280595629440825,0.0,0.0,0.466,0.0,0.0,0.0,200.0000000000001,200.46600000000012,1.0,3113.0443075241496,0.0011529922485351562,2,0.0
298805,2014-02-04 01:00:00,48,24,0.0,19.512406967036057,0.451611927706147,0.49133113424784114,75.0,19.512406967036057,0.0,0.0,0.0,0.0,0.0,0.0,200.46600000000012,200.46600000000012,1.0,3113.0443075241496,0.0011529922485351562,2,0.0
298806,2014-02-04 02:00:00,48,24,0.0,29.034908194493596,0.5549715131059633,0.45340022516077055,75.0,29.034908194493596,0.0,0.0,0.0,0.0,0.0,0.0,200.46600000000012,200.46600000000012,1.0,3113.0443075241496,0.0011529922485351562,2,0.0
298807,2014-02-04 03:00:00,48,24,0.0,33.57479967185506,0.617396903139224,0.4817678354706669,75.0,33.57479967185506,0.0,0.0,0.0,0.0,0.0,0.0,200.46600000000012,200.46600000000012,1.0,3113.0443075241496,0.0011529922485351562,2,0.0
298808,2014-02-04 04:00:00,48,24,0.0,37.442726883648774,0.5564557116326694,0.43910024985850504,75.0,37.442726883648774,0.0,0.0,0.0,0.0,0.0,0.0,200.46600000000012,200.46600000000012,1.0,3113.0443075241496,0.0011529922485351562,2,0.0
298809,2014-02-04 05:00:00,48,24,0.0,37.82038993551407,0.5120188077430873,0.6437266122937488,112.82038993551407,0.0,0.0,0.0,0.0,0.0,0.0,0.0,200.46600000000012,200.46600000000012,0.0,3113.0443075241496,0.0011529922485351562,2,0.0
298810,2014-02-04 06:00:00,48,24,0.0,39.72396256287655,0.5493612426750138,0.658509395024274,114.72396256287655,0.0,0.0,0.0,0.0,0.0,0.0,0.0,200.46600000000012,200.46600000000012,0.0,3113.0443075241496,0.0011529922485351562,2,0.0
298811,2014-02-04 07:00:00,48,24,0.0,38.54141675314301,0.501124790557064,0.5051607216352378,75.0,38.54141675314301,0.0,0.0,0.0,0.0,0.0,0.0,200.46600000000012,200.46600000000012,1.0,3113.0443075241496,0.0011529922485351562,2,0.0
298812,2014-02-04 08:00:00,48,24,0.0,39.21545496118127,0.5320258038830861,0.6969449379241034,114.21545496118128,0.0,0.0,0.0,0.0,0.0,0.0,0.0,200.46600000000012,200.46600000000012,0.0,3113.0443075241496,0.0011529922485351562,2,0.0
298813,2014-02-04 09:00:00,48,24,0.0,40.578132216020244,0.11268035214753083,0.57611615853641,75.0,40.578132216020244,0.0,0.0,0.0,0.0,0.0,0.0,200.46600000000012,200.46600000000012,1.0,3113.0443075241496,0.0011529922485351562,2,0.0
298814,2014-02-04 10:00:00,48,24,0.762,42.82440802615301,0.6713029936291912,0.7450396807176067,117.82440802615301,0.0,0.0,0.762,0.0,0.0,0.762,0.0,200.46600000000012,200.46600000000012,0.0,3113.0443075241496,0.0011529922485351562,2,0.0
298815,2014-02-04 11:00:00,48,24,14.095,45.53204281232246,0.7750256368224633,0.8308417165129394,120.53204281232246,0.0,0.0,14.095,0.0,0.0,14.095,0.0,200.46600000000012,200.46600000000012,0.0,3113.0443075241496,0.0011529922485351562,2,0.0
298816,2014-02-04 12:00:00,48,24,34.627,46.95236234575444,0.5860163795199582,0.8116359948052385,121.95236234575444,0.0,0.0,34.627,0.0,0.0,34.627,0.0,200.46600000000012,200.46600000000012,0.0,3113.0443075241496,0.0011529922485351562,2,0.0
298817,2014-02-04 13:00:00,48,24,45.788,49.63791086936353,0.48088032265279224,0.9298954426360888,124.63791086936354,0.0,0.0,45.788,0.0,0.0,45.788,0.0,200.46600000000012,200.46600000000012,0.0,3113.0443075241496,0.0011529922485351562,2,0.0
298818,2014-02-04 14:00:00,48,24,64.802,51.24136361922966,0.7319176614598703,0.9437755588518665,126.24136361922966,0.0,0.0,64.802,0.0,0.0,64.802,0.0,200.46600000000012,200.46600000000012,0.0,3113.0443075241496,0.0011529922485351562,2,0.0
298819,2014-02-04 15:00:00,48,24,45.235,53.893172275956324,0.5714461167524015,0.9861750494663952,128.89317227595632,0.0,0.0,45.235,0.0,0.0,45.235,0.0,200.46600000000012,200.46600000000012,0.0,3113.0443075241496,0.0011529922485351562,2,0.0
298820,2014-02-04 16:00:00,48,24,12.4,57.502377024712914,0.7031242100417712,0.7740752773084784,132.50237702471293,0.0,0.0,12.4,0.0,0.0,12.4,0.0,200.46600000000012,200.46600000000012,0.0,3113.0443075241496,0.0011529922485351562,2,0.0
298821,2014-02-04 17:00:00,48,24,1.5,62.39549025190229,0.5737614664540631,0.936709015038665,137.3954902519023,0.0,0.0,1.5,0.0,0.0,1.5,0.0,200.46600000000012,200.46600000000012,0.0,3113.0443075241496,0.0011529922485351562,2,0.0
298822,2014-02-04 18:00:00,48,24,5.792,69.7161343526871,0.5204787393453123,0.9046127818836363,144.7161343526871,0.0,0.0,5.792,0.0,0.0,5.792,0.0,200.46600000000012,200.46600000000012,0.0,3113.0443075241496,0.0011529922485351562,2,0.0
298823,2014-02-04 19:00:00,48,24,37.73,76.52421426089626,0.6352963373713001,0.7984840209491517,151.52421426089626,0.0,0.0,37.73,0.0,0.0,37.73,0.0,200.46600000000012,200.46600000000012,0.0,3113.0443075241496,0.0011529922485351562,2,0.0
298824,2014-02-04 20:00:00,48,24,102.441,84.41251951220158,0.6339605586972644,0.8017510354424954,159.41251951220158,0.0,0.0,102.441,0.0,0.0,102.441,0.0,200.46600000000012,200.46600000000012,0.0,3113.0443075241496,0.0011529922485351562,2,0.0
298825,2014-02-04 21:00:00,48,24,215.756,93.22833080133242,0.7659012409567435,0.7015657962868989,168.22833080133242,0.0,0.0,168.22833080133242,0.0,0.0,168.22833080133242,47.52766919866758,200.46600000000012,200.46600000000012,0.0,3113.0443075241496,0.0011529922485351562,2,0.0
298826,2014-02-04 22:00:00,48,24,219.012,100.31581837928509,0.7777200279940221,0.9363272010811537,175.31581837928508,0.0,0.0,175.31581837928508,0.0,0.0,175.31581837928508,43.696181620714924,200.46600000000012,200.46600000000012,0.0,3113.0443075241496,0.0011529922485351562,2,0.0
298827,2014-02-04 23:00:00,48,24,196.009,104.97237614408793,0.7717119923579157,0.9089072728553983,179.97237614408795,0.0,0.0,179.97237614408795,0.0,0.0,179.97237614408795,16.03662385591204,200.46600000000012,200.46600000000012,0.0,3113.0443075241496,0.0011529922485351562,2,0.0
298828,2014-02-05 00:00:00,48,24,161.964,188.2690612325981,0.782588199161618,0.7446150696022107,249.0,0.0,0.0,161.964,0.0,0.0,161.964,0.0,200.46600000000012,200.46600000000012,0.0,5190.798994709897,0.0013649463653564453,2,0.0
298829,2014-02-05 01:00:00,48,24,133.663,184.69020407688583,0.7948773629627452,0.7238734935720665,249.0,0.0,0.0,133.663,0.0,0.0,133.663,0.0,200.46600000000012,200.46600000000012,0.0,5190.798994709897,0.0013649463653564453,2,0.0
298830,2014-02-05 02:00:00,48,24,202.254,183.53512976264102,0.5031136165828504,0.7080682996512607,249.0,0.0,0.0,202.254,0.0,0.0,202.254,0.0,200.46600000000012,200.46600000000012,1.0,5190.798994709897,0.0013649463653564453,2,0.0
298831,2014-02-05 03:00:00,48,24,208.624,176.74239878123967,1.2091977425435954,0.7314061893049268,249.0,0.0,0.0,208.624,0.0,0.0,208.624,0.0,200.46600000000012,200.46600000000012,0.0,5190.798994709897,0.0013649463653564453,2,0.0
298832,2014-02-05 04:00:00,48,24,202.24,168.28768976798312,0.47565594383878657,0.6650504822429413,243.28768976798312,0.0,0.0,202.24,0.0,0.0,202.24,0.0,200.46600000000012,200.46600000000012,1.0,5190.798994709897,0.0013649463653564453,2,0.0
298833,2014-02-05 05:00:00,48,24,219.392,157.88418499750944,0.49438652924581816,0.8435456756453164,232.88418499750944,0.0,0.0,219.392,0.0,0.0,219.392,0.0,200.46600000000012,200.46600000000012,1.0,5190.798994709897,0.0013649463653564453,2,0.0
298834,2014-02-05 06:00:00,48,24,224.234,148.75846928351126,0.4630105723912504,0.8010940822038738,223.75846928351126,0.0,0.0,223.75846928351126,0.0,0.0,223.75846928351126,0.47553071648874834,200.46600000000012,200.46600000000012,0.0,5190.798994709897,0.0013649463653564453,2,0.0
298835,2014-02-05 07:00:00,48,24,218.099,138.97143861690623,0.8134357813406787,0.6996827517026225,213.97143861690623,0.0,0.0,213.97143861690623,0.0,0.0,213.97143861690623,4.127561383093763,200.46600000000012,200.46600000000012,0.0,5190.798994709897,0.0013649463653564453,2,0.0
298836,2014-02-05 08:00:00,48,24,216.133,132.22318905027882,0.8791798392796545,0.8493400136531066,207.22318905027882,0.0,0.0,207.22318905027882,0.0,0.0,207.22318905027882,8.90981094972119,200.46600000000012,200.46600000000012,0.0,5190.798994709897,0.0013649463653564453,2,0.0
298837,2014-02-05 09:00:00,48,24,209.547,128.76238072493845,0.5403373156326406,0.715916997645223,203.76238072493845,0.0,0.0,203.76238072493845,0.0,0.0,203.76238072493845,5.784619275061544,200.46600000000012,200.46600000000012,0.0,5190.798994709897,0.0013649463653564453,2,0.0
298838,2014-02-05 10:00:00,48,24,210.458,123.60847079708468,0.6616557032056012,0.8548723916660463,198.6084707970847,0.0,0.0,198.6084707970847,0.0,0.0,198.6084707970847,11.849529202915306,200.46600000000012,200.46600000000012,0.0,5190.798994709897,0.0013649463653564453,2,0.0
298839,2014-02-05 11:00:00,48,24,180.283,119.31920300328989,0.8109363910217057,0.9431726943614496,194.31920300328989,0.0,0.0,180.283,0.0,0.0,180.283,0.0,200.46600000000012,200.46600000000012,0.0,5190.798994709897,0.0013649463653564453,2,0.0
298840,2014-02-05 12:00:00,48,24,162.961,114.43144697032044,0.522794089046974,0.9794911680762933,189.43144697032045,0.0,0.0,162.961,0.0,0.0,162.961,0.0,200.46600000000012,200.46600000000012,0.0,5190.798994709897,0.0013649463653564453,2,0.0
298841,2014-02-05 13:00:00,48,24,176.255,109.74798552064644,0.3945890203100968,1.0261599975177949,184.74798552064644,0.0,0.0,176.255,0.0,0.0,176.255,0.0,200.46600000000012,200.46600000000012,0.0,5190.798994709897,0.0013649463653564453,2,0.0
298842,2014-02-05 14:00:00,48,24,164.212,103.36130365838807,0.635326021341834,1.0462300751926987,178.36130365838807,0.0,0.0,164.212,0.0,0.0,164.212,0.0,200.46600000000012,200.46600000000012,0.0,5190.798994709897,0.0013649463653564453,2,0.0
298843,2014-02-05 15:00:00,48,24,160.865,99.9347444998275,0.5356769322587834,1.1303917871706126,174.9347444998275,0.0,0.0,160.865,0.0,0.0,160.865,0.0,200.46600000000012,200.46600000000012,0.0,5190.798994709897,0.0013649463653564453,2,0.0
298844,2014-02-05 16:00:00,48,24,152.558,99.53812565504123,1.0150730563848693,0.8825447060149968,174.53812565504123,0.0,0.0,152.558,0.0,0.0,152.558,0.0,200.46600000000012,200.46600000000012,0.0,5190.798994709897,0.0013649463653564453,2,0.0
298845,2014-02-05 17:00:00,48,24,154.963,103.13055312758185,0.5378735460783084,1.020310071404704,178.13055312758183,0.0,0.0,154.963,0.0,0.0,154.963,0.0,200.46600000000012,200.46600000000012,0.0,5190.798994709897,0.0013649463653564453,2,0.0
298846,2014-02-05 18:00:00,48,24,131.462,109.91173599253577,0.484442399116887,0.966145068276071,184.91173599253577,0.0,0.0,131.462,0.0,0.0,131.462,0.0,200.46600000000012,200.46600000000012,0.0,5190.798994709897,0.0013649463653564453,2,0.0
298847,2014-02-05 19:00:00,48,24,153.266,118.7656712176692,0.5767298635074752,0.8943872992135019,193.7656712176692,0.0,0.0,153.266,0.0,0.0,153.266,0.0,200.46600000000012,200.46600000000012,0.0,5190.798994709897,0.0013649463653564453,2,0.0
298848,2014-02-05 20:00:00,48,24,178.131,127.30811601965242,0.6070600312463027,0.8708192142494444,202.3081160196524,0.0,0.0,178.131,0.0,0.0,178.131,0.0,200.46600000000012,200.46600000000012,0.0,5190.798994709897,0.0013649463653564453,2,0.0
298849,2014-02-05 21:00:00,48,24,160.307,135.63222930917422,2.4095369401663644,0.7733039612362902,210.63222930917422,0.0,0.0,160.307,0.0,0.0,160.307,0.0,200.46600000000012,200.46600000000012,0.0,5190.798994709897,0.0013649463653564453,2,0.0
298850,2014-02-05 22:00:00,48,24,143.382,137.34415438815495,0.7898904559130125,1.0036712246098678,212.34415438815495,0.0,0.0,143.382,0.0,0.0,143.382,0.0,200.46600000000012,200.46600000000012,0.0,5190.798994709897,0.0013649463653564453,2,0.0
298851,2014-02-05 23:00:00,48,24,139.908,138.77075206756422,1.1951314548801617,0.9456858642252596,213.77075206756422,0.0,0.0,139.908,0.0,0.0,139.908,0.0,200.46600000000012,200.46600000000012,0.0,5190.798994709897,0.0013649463653564453,2,0.0
298852,2014-02-06 00:00:00,48,24,100.68,140.50500380562357,0.7676274780124203,1.0921241890907143,215.50500380562357,0.0,0.0,100.68,0.0,0.0,100.68,0.0,200.46600000000012,200.46600000000012,0.0,5747.05578667828,0.0014729499816894531,2,0.0
298853,2014-02-06 01:00:00,48,24,96.303,141.62230068503834,0.7039850451872606,1.1075535765535869,216.62230068503834,0.0,0.0,96.303,0.0,0.0,96.303,0.0,200.46600000000012,200.46600000000012,0.0,5747.05578667828,0.0014729499816894531,2,0.0
298854,2014-02-06 02:00:00,48,24,96.363,142.25341165172944,0.4235308915808667,1.2054788685029034,217.25341165172944,0.0,0.0,96.363,0.0,0.0,96.363,0.0,200.46600000000012,200.46600000000012,0.0,5747.05578667828,0.0014729499816894531,2,0.0
298855,2014-02-06 03:00:00,48,24,98.218,138.9365610351357,0.7361327852757156,1.0935646457263877,213.9365610351357,0.0,0.0,98.218,0.0,0.0,98.218,0.0,200.46600000000012,200.46600000000012,0.0,5747.05578667828,0.0014729499816894531,2,0.0
298856,2014-02-06 04:00:00,48,24,85.812,135.05380111406578,0.39150188737454794,1.2412115543284195,210.05380111406578,0.0,0.0,85.812,0.0,0.0,85.812,0.0,200.46600000000012,200.46600000000012,0.0,5747.05578667828,0.0014729499816894531,2,0.0
298857,2014-02-06 05:00:00,48,24,81.044,128.02465548000612,0.41085583616279625,1.1144214792630553,203.02465548000612,0.0,0.0,81.044,0.0,0.0,81.044,0.0,200.46600000000012,200.46600000000012,0.0,5747.05578667828,0.0014729499816894531,2,0.0
298858,2014-02-06 06:00:00,48,24,66.174,121.72877587005348,0.4012679136802745,1.2875975950680436,196.72877587005348,0.0,0.0,66.174,0.0,0.0,66.174,0.0,200.46600000000012,200.46600000000012,0.0,5747.05578667828,0.0014729499816894531,2,0.0
298859,2014-02-06 07:00:00,48,24,61.184,113.15527758878203,1.2889510688267807,1.1738215137962902,188.15527758878204,0.0,0.0,61.184,0.0,0.0,61.184,0.0,200.46600000000012,200.46600000000012,0.0,5747.05578667828,0.0014729499816894531,2,0.0
298860,2014-02-06 08:00:00,48,24,50.094,106.3160947537985,0.7355139886591968,1.1424909922585647,181.3160947537985,0.0,0.0,50.094,0.0,0.0,50.094,0.0,200.46600000000012,200.46600000000012,0.0,5747.05578667828,0.0014729499816894531,2,0.0
298861,2014-02-06 09:00:00,48,24,39.01,100.26494464249821,0.523031560811247,1.2207577299010897,175.26494464249822,0.0,0.0,39.01,0.0,0.0,39.01,0.0,200.46600000000012,200.46600000000012,0.0,5747.05578667828,0.0014729499816894531,2,0.0
298862,2014-02-06 10:00:00,48,24,41.083,97.57713702021292,1.8801148445558429,1.1619562631897318,172.57713702021292,0.0,0.0,41.083,0.0,0.0,41.083,0.0,200.46600000000012,200.46600000000012,0.0,5747.05578667828,0.0014729499816894531,2,0.0
298863,2014-02-06 11:00:00,48,24,16.6,94.47541619580818,7.540797138606466,1.3945737660914295,169.47541619580818,0.0,0.0,16.6,0.0,0.0,16.6,0.0,200.46600000000012,200.46600000000012,0.0,5747.05578667828,0.0014729499816894531,2,0.0
298864,2014-02-06 12:00:00,48,24,11.518,90.77152162084818,0.9852406659980758,1.3632347373312013,165.77152162084818,0.0,0.0,11.518,0.0,0.0,11.518,0.0,200.46600000000012,200.46600000000012,0.0,5747.05578667828,0.0014729499816894531,2,0.0
298865,2014-02-06 13:00:00,48,24,0.623,89.92424266250391,0.6375820031024276,1.3681725316041158,164.9242426625039,0.0,0.0,0.623,0.0,0.0,0.623,0.0,200.46600000000012,200.46600000000012,0.0,5747.05578667828,0.0014729499816894531,2,0.0
298866,2014-02-06 14:00:00,48,24,0.0,87.51334744680176,0.3763630624021453,1.3657281654139701,162.51334744680176,0.0,0.0,0.0,0.0,0.0,0.0,0.0,200.46600000000012,200.46600000000012,0.0,5747.05578667828,0.0014729499816894531,2,0.0
298867,2014-02-06 15:00:00,48,24,0.0,88.41094417454649,0.786120591655179,1.472783601156125,163.4109441745465,0.0,0.25630000000006703,0.0,0.0,0.25630000000006703,0.25630000000006703,0.0,200.46600000000012,200.0,0.0,5747.05578667828,0.0014729499816894531,2,0.0
298868,2014-02-06 16:00:00,48,24,0.0,90.58196532699071,0.9798678673313994,1.2558269438981466,165.5819653269907,0.0,0.0,0.0,0.0,0.0,0.0,0.0,200.0,200.0,0.0,5747.05578667828,0.0014729499816894531,2,0.0
298869,2014-02-06 17:00:00,48,24,0.0,93.98020299382725,0.9571596298727956,1.1530879907962681,168.98020299382725,0.0,0.0,0.0,0.0,0.0,0.0,0.0,200.0,200.0,0.0,5747.05578667828,0.0014729499816894531,2,0.0
298870,2014-02-06 18:00:00,48,24,0.0,98.97198867674312,0.8103723955815574,1.3347646132493471,173.97198867674314,0.0,0.0,0.0,0.0,0.0,0.0,0.0,200.0,200.0,0.0,5747.05578667828,0.0014729499816894531,2,0.0
298871,2014-02-06 19:00:00,48,24,0.0,104.56197009902954,0.9596827673681958,1.0742709270367365,179.56197009902954,0.0,0.0,0.0,0.0,0.0,0.0,0.0,200.0,200.0,0.0,5747.05578667828,0.0014729499816894531,2,0.0
298872,2014-02-06 20:00:00,48,24,0.0,111.87488692347404,0.030574489650146672,1.01398257031991,186.87488692347404,0.0,0.0,0.0,0.0,0.0,0.0,0.0,200.0,200.0,0.0,5747.05578667828,0.0014729499816894531,2,0.0
298873,2014-02-06 21:00:00,48,24,0.0,120.42326045946362,1.1902381665067292,0.8074633218373408,194.9572604594635,0.4660000000001219,0.0,0.0,0.0,0.0,0.0,0.0,200.0,200.0,1.0,5747.05578667828,0.0014729499816894531,2,0.0
298874,2014-02-06 22:00:00,48,24,0.0,126.59437664604033,1.0536325341086952,1.0592548331692184,201.59437664604033,0.0,0.0,0.0,0.0,0.0,0.0,0.0,200.0,200.0,0.0,5747.05578667828,0.0014729499816894531,2,0.0
298875,2014-02-06 23:00:00,48,24,0.0,133.30347602262844,1.3347397350668397,0.9894368262480139,208.30347602262844,0.0,0.0,0.0,0.0,0.0,0.0,0.0,200.0,200.0,0.0,5747.05578667828,0.0014729499816894531,2,0.0
298876,2014-02-07 00:00:00,48,24,0.0,10.168302017603096,0.7952038866386205,1.1161917595758308,85.1683020176031,0.0,0.0,0.0,0.0,0.0,0.0,0.0,200.0,200.0,1.0,3008.7114095255915,0.0008580684661865234,2,0.0
298877,2014-02-07 01:00:00,48,24,0.0,19.991832062802246,0.596172864207326,1.1957135213659815,94.99183206280225,0.0,0.0,0.0,0.0,0.0,0.0,0.0,200.0,200.0,0.0,3008.7114095255915,0.0008580684661865234,2,0.0
298878,2014-02-07 02:00:00,48,24,0.0,27.392522699045074,0.6654849354045032,1.162204695918918,102.39252269904507,0.0,0.0,0.0,0.0,0.0,0.0,0.0,200.0,200.0,0.0,3008.7114095255915,0.0008580684661865234,2,0.0
298879,2014-02-07 03:00:00,48,24,0.0,30.709213726653076,1.0532466424917515,1.0380702287740677,105.70921372665308,0.0,0.0,0.0,0.0,0.0,0.0,0.0,200.0,200.0,0.0,3008.7114095255915,0.0008580684661865234,2,0.0
298880,2014-02-07 04:00:00,48,24,0.0,33.84419669757476,0.6356525450177096,1.0725278697988707,108.84419669757476,0.0,0.0,0.0,0.0,0.0,0.0,0.0,200.0,200.0,0.0,3008.7114095255915,0.0008580684661865234,2,0.0
298881,2014-02-07 05:00:00,48,24,0.0,33.12178077115969,0.674152654800467,1.1606689172998412,108.12178077115969,0.0,0.0,0.0,0.0,0.0,0.0,0.0,200.0,200.0,0.0,3008.7114095255915,0.0008580684661865234,2,0.0
298882,2014-02-07 06:00:00,48,24,0.0,33.69600418485204,0.6404613482442374,1.1220549980569479,108.69600418485204,0.0,0.0,0.0,0.0,0.0,0.0,0.0,200.0,200.0,0.0,3008.7114095255915,0.0008580684661865234,2,0.0
298883,2014-02-07 07:00:00,48,24,0.0,33.08540133627423,1.275787369586071,1.0134524480987495,108.08540133627423,0.0,0.0,0.0,0.0,0.0,0.0,0.0,200.0,200.0,0.0,3008.7114095255915,0.0008580684661865234,2,0.0
298884,2014-02-07 08:00:00,48,24,0.0,33.331384142874015,0.9101105365762105,1.0946702900678582,108.33138414287401,0.0,0.0,0.0,0.0,0.0,0.0,0.0,200.0,200.0,0.0,3008.7114095255915,0.0008580684661865234,2,0.0
298885,2014-02-07 09:00:00,48,24,0.0,33.52177513373777,1.3351849946248517,1.0611260042703592,108.52177513373778,0.0,0.0,0.0,0.0,0.0,0.0,0.0,200.0,200.0,0.0,3008.7114095255915,0.0008580684661865234,2,0.0
298886,2014-02-07 10:00:00,48,24,0.0,34.95264004452286,0.6467246660269375,1.0969990969853087,109.95264004452287,0.0,0.0,0.0,0.0,0.0,0.0,0.0,200.0,200.0,0.0,3008.7114095255915,0.0008580684661865234,2,0.0
298887,2014-02-07 11:00:00,48,24,2.279,37.41019610943981,0.9927507105432086,1.1471195985524822,112.41019610943981,0.0,0.0,2.279,0.0,0.0,2.279,0.0,200.0,200.0,0.0,3008.7114095255915,0.0008580684661865234,2,0.0
298888,2014-02-07 12:00:00,48,24,11.018,38.19031923867796,0.4714819209052191,1.1377213537775988,113.19031923867796,0.0,0.0,11.018,0.0,0.0,11.018,0.0,200.0,200.0,0.0,3008.7114095255915,0.0008580684661865234,2,0.0
298889,2014-02-07 13:00:00,48,24,21.584,38.899322819648965,-0.026151578040562347,1.2723346593606264,113.89932281964897,0.0,0.0,21.584,0.0,0.0,21.584,0.0,200.0,200.0,0.0,3008.7114095255915,0.0008580684661865234,2,0.0
298890,2014-02-07 14:00:00,48,24,42.945,40.485396196232415,0.6489806477875308,1.2588271980102563,115.48539619623241,0.0,0.0,42.945,0.0,0.0,42.945,0.0,200.0,200.0,0.0,3008.7114095255915,0.0008580684661865234,2,0.0
298891,2014-02-07 15:00:00,48,24,52.667,44.60910083181338,0.5129983787707133,1.2174071668855326,119.60910083181338,0.0,0.0,52.667,0.0,0.0,52.667,0.0,200.0,200.0,0.0,3008.7114095255915,0.0008580684661865234,2,0.0
298892,2014-02-07 16:00:00,48,24,67.958,48.84534693024906,0.7014915916623942,0.9835194240864016,123.84534693024906,0.0,0.0,67.958,0.0,0.0,67.958,0.0,200.0,200.0,0.0,3008.7114095255915,0.0008580684661865234,2,0.0
298893,2014-02-07 17:00:00,48,24,58.687,55.33365110219742,0.7930963247306978,0.962904113493095,130.33365110219742,0.0,0.0,58.687,0.0,0.0,58.687,0.0,200.0,200.0,0.0,3008.7114095255915,0.0008580684661865234,2,0.0
298894,2014-02-07 18:00:00,48,24,75.209,63.153608963820766,0.4985126011500613,0.9246014576186371,138.15360896382077,0.0,0.0,75.209,0.0,0.0,75.209,0.0,200.0,200.0,0.0,3008.7114095255915,0.0008580684661865234,2,0.0
298895,2014-02-07 19:00:00,48,24,158.642,70.57140194192041,0.5494206106160824,0.8656269716478042,145.5714019419204,0.0,0.0,145.5714019419204,0.0,0.0,145.5714019419204,13.070598058079582,200.0,200.0,0.0,3008.7114095255915,0.0008580684661865234,2,0.0
298896,2014-02-07 20:00:00,48,24,218.286,79.52042685540667,0.5516469084061414,0.8201169657401637,154.52042685540667,0.0,0.0,154.52042685540667,0.0,0.0,154.52042685540667,63.76557314459333,200.0,200.0,0.0,3008.7114095255915,0.0008580684661865234,2,0.0
298897,2014-02-07 21:00:00,48,24,226.051,89.66737549063137,0.7478876376072287,0.6846591603387896,164.66737549063137,0.0,0.0,164.66737549063137,0.0,0.0,164.66737549063137,61.383624509368616,200.0,200.0,0.0,3008.7114095255915,0.0008580684661865234,2,0.0
298898,2014-02-07 22:00:00,48,24,226.429,98.25903204653503,0.7290383163180604,0.9033791856541746,173.25903204653503,0.0,0.0,173.25903204653503,0.0,0.0,173.25903204653503,53.169967953464976,200.0,200.0,0.0,3008.7114095255915,0.0008580684661865234,2,0.0
298899,2014-02-07 23:00:00,48,24,226.349,105.60432784228848,0.7391308662996622,0.8383334850728501,180.60432784228848,0.0,0.0,180.60432784228848,0.0,0.0,180.60432784228848,45.744672157711506,200.0,200.0,0.0,3008.7114095255915,0.0008580684661865234,2,0.0
298900,2014-02-08 00:00:00,48,24,226.054,221.6930247776923,0.7665885390437259,0.7412920779612227,249.0,0.0,0.0,226.054,0.0,0.0,226.054,0.0,200.0,200.0,1.0,5367.620847191364,0.0012710094451904297,2,0.0
298901,2014-02-08 01:00:00,48,24,219.428,216.36010922073385,0.7285040048484461,0.7457391892047016,249.0,0.0,0.0,219.428,0.0,0.0,219.428,0.0,200.0,200.0,0.0,5367.620847191364,0.0012710094451904297,2,0.0
298902,2014-02-08 02:00:00,48,24,219.128,209.56859077814005,-0.053979158725128255,0.7615227912471704,249.0,0.0,0.0,219.128,0.0,0.0,219.128,0.0,200.0,200.0,1.0,5367.620847191364,0.0012710094451904297,2,0.0
298903,2014-02-08 03:00:00,48,24,217.582,200.2203967056301,0.9334124534454972,0.7384420725355898,249.0,0.0,0.0,217.582,0.0,0.0,217.582,0.0,200.0,200.0,0.0,5367.620847191364,0.0012710094451904297,2,0.0
298904,2014-02-08 04:00:00,48,24,218.328,188.72892913226787,-0.03116816906082913,0.7390475224850069,249.0,0.0,0.0,218.328,0.0,0.0,218.328,0.0,200.0,200.0,0.0,5367.620847191364,0.0012710094451904297,2,0.0
298905,2014-02-08 05:00:00,48,24,217.161,176.8309742722501,0.012971895123411743,0.8206330086084045,249.0,0.0,0.0,217.161,0.0,0.0,217.161,0.0,200.0,200.0,0.0,5367.620847191364,0.0012710094451904297,2,0.0
298906,2014-02-08 06:00:00,48,24,215.539,164.38032322937255,-0.056815119602311386,0.8334132737519979,239.38032322937255,0.0,0.0,215.539,0.0,0.0,215.539,0.0,200.0,200.0,1.0,5367.620847191364,0.0012710094451904297,2,0.0
298907,2014-02-08 07:00:00,48,24,215.801,153.25270372237893,0.8207024173274322,0.7388733397211364,228.25270372237893,0.0,0.0,215.801,0.0,0.0,215.801,0.0,200.0,200.0,0.0,5367.620847191364,0.0012710094451904297,2,0.0
298908,2014-02-08 08:00:00,48,24,204.38,142.94173787810735,0.8193666386533967,0.8003849323846162,217.94173787810735,0.0,0.0,204.38,0.0,0.0,204.38,0.0,200.0,200.0,0.0,5367.620847191364,0.0012710094451904297,2,0.0
298909,2014-02-08 09:00:00,48,24,177.013,134.61747158414596,0.7711301865354466,0.7237994823503223,209.61747158414596,0.0,0.0,177.013,0.0,0.0,177.013,0.0,200.0,200.0,0.0,5367.620847191364,0.0012710094451904297,2,0.0
298910,2014-02-08 10:00:00,48,24,157.632,125.9748773640575,0.4841158754410117,0.7837973713687084,200.9748773640575,0.0,0.0,157.632,0.0,0.0,157.632,0.0,200.0,200.0,0.0,5367.620847191364,0.0012710094451904297,2,0.0
298911,2014-02-08 11:00:00,48,24,123.528,121.43335884306595,0.4353451118534476,0.9316425895222691,196.43335884306595,0.0,0.0,123.528,0.0,0.0,123.528,0.0,200.0,200.0,0.0,5367.620847191364,0.0012710094451904297,2,0.0
298912,2014-02-08 12:00:00,48,24,102.084,116.08621121628735,0.40954974145929457,0.8905210073206066,191.08621121628735,0.0,0.0,102.084,0.0,0.0,102.084,0.0,200.0,200.0,0.0,5367.620847191364,0.0012710094451904297,2,0.0
298913,2014-02-08 13:00:00,48,24,109.146,110.04637865170648,0.48390808764727283,1.054056189683704,185.04637865170648,0.0,0.0,109.146,0.0,0.0,109.146,0.0,200.0,200.0,0.0,5367.620847191364,0.0012710094451904297,2,0.0
298914,2014-02-08 14:00:00,48,24,136.064,106.5386854485485,0.35513902347024734,1.0972398993352175,181.5386854485485,0.0,0.0,136.064,0.0,0.0,136.064,0.0,200.0,200.0,0.0,5367.620847191364,0.0012710094451904297,2,0.0
298915,2014-02-08 15:00:00,48,24,150.475,104.62876494675726,0.20247436301325283,1.1009268384214677,179.62876494675726,0.0,0.0,150.475,0.0,0.0,150.475,0.0,200.0,200.0,0.0,5367.620847191364,0.0012710094451904297,2,0.0
298916,2014-02-08 16:00:00,48,24,155.897,104.6169440561219,0.4587954485754046,0.886099241870894,179.6169440561219,0.0,0.0,155.897,0.0,0.0,155.897,0.0,200.0,200.0,0.0,5367.620847191364,0.0012710094451904297,2,0.0
298917,2014-02-08 17:00:00,48,24,166.264,108.15709713603849,0.09288114380127081,0.9994302386276915,183.1570971360385,0.0,0.0,166.264,0.0,0.0,166.264,0.0,200.0,200.0,0.0,5367.620847191364,0.0012710094451904297,2,0.0
298918,2014-02-08 18:00:00,48,24,202.166,113.33499928429472,0.3711980515292079,0.9395365050235771,188.33499928429472,0.0,0.0,188.33499928429472,0.0,0.0,188.33499928429472,13.831000715705272,200.0,200.0,0.0,5367.620847191364,0.0012710094451904297,2,0.0
298919,2014-02-08 19:00:00,48,24,192.566,121.07270793754361,0.4456157656582541,0.9076635272258656,196.0727079375436,0.0,0.0,192.566,0.0,0.0,192.566,0.0,200.0,200.0,0.0,5367.620847191364,0.0012710094451904297,2,0.0
298920,2014-02-08 20:00:00,48,24,186.05,128.5121478622634,0.3340930883615542,0.8901377471608845,203.5121478622634,0.0,0.0,186.05,0.0,0.0,186.05,0.0,200.0,200.0,0.0,5367.620847191364,0.0012710094451904297,2,0.0
298921,2014-02-08 21:00:00,48,24,210.947,136.92370636079337,0.40919353381288537,0.7968634432261044,211.92370636079337,0.0,0.0,210.947,0.0,0.0,210.947,0.0,200.0,200.0,0.0,5367.620847191364,0.0012710094451904297,2,0.0
298922,2014-02-08 22:00:00,48,24,217.601,140.27887157848596,0.4420536891941594,0.9757273787146884,215.27887157848596,0.0,0.0,215.27887157848596,0.0,0.0,215.27887157848596,2.322128421514037,200.0,200.0,0.0,5367.620847191364,0.0012710094451904297,2,0.0
298923,2014-02-08 23:00:00,48,24,208.894,143.11623757661775,0.40975752925303355,0.9982384157010112,218.11623757661775,0.0,0.0,208.894,0.0,0.0,208.894,0.0,200.0,200.0,0.0,5367.620847191364,0.0012710094451904297,2,0.0
298924,2014-02-09 00:00:00,48,24,177.469,202.85210212070012,0.4498012055035655,0.4329271906712787,177.85210212070012,100.0,0.0,77.469,100.0,0.0,77.469,0.0,200.0,300.0,1.0,4622.472266760344,0.0013530254364013672,2,0.0
298925,2014-02-09 01:00:00,48,24,178.762,195.03127497931925,0.38612908870787166,0.5452243819294205,170.03127497931925,100.0,0.0,78.762,100.0,0.0,78.762,0.0,300.0,400.0,1.0,4622.472266760344,0.0013530254364013672,2,0.0
298926,2014-02-09 02:00:00,48,24,184.645,186.01279115224753,0.6040094324283345,0.5418568453519941,161.01279115224753,100.0,0.0,84.64500000000001,100.0,0.0,84.64500000000001,0.0,400.0,500.0,1.0,4622.472266760344,0.0013530254364013672,2,0.0
298927,2014-02-09 03:00:00,48,24,179.96,175.10094299119908,0.5695463426382177,0.5313422006771231,150.10094299119908,100.0,0.0,79.96000000000001,100.0,0.0,79.96000000000001,0.0,500.0,600.0,1.0,4622.472266760344,0.0013530254364013672,2,0.0
298928,2014-02-09 04:00:00,48,24,148.752,163.96407678555252,0.4969987186528211,0.5352317181113607,138.96407678555252,100.0,0.0,48.75200000000001,100.0,0.0,48.75200000000001,0.0,600.0,700.0,1.0,4622.472266760344,0.0013530254364013672,2,0.0
298929,2014-02-09 05:00:00,48,24,124.351,152.87051512833744,0.4693035741444844,0.6523438443569959,227.87051512833744,0.0,0.0,124.351,0.0,0.0,124.351,0.0,700.0,700.0,1.0,4622.472266760344,0.0013530254364013672,2,0.0
298930,2014-02-09 06:00:00,48,24,91.594,141.77696380756032,0.6095306509476813,0.6684339448071923,216.77696380756032,0.0,0.0,91.594,0.0,0.0,91.594,0.0,700.0,700.0,0.0,4622.472266760344,0.0013530254364013672,2,0.0
298931,2014-02-09 07:00:00,48,24,77.543,132.37199842891346,0.42356057555140075,0.515896418911483,107.37199842891346,100.0,0.0,0.0,77.543,0.0,0.0,0.0,700.0,777.543,1.0,4622.472266760344,0.0013530254364013672,2,0.0
298932,2014-02-09 08:00:00,48,24,60.574,122.36231942573299,0.4975330301224352,0.6761381829568684,197.362319425733,0.0,0.0,60.574,0.0,0.0,60.574,0.0,777.543,777.543,0.0,4622.472266760344,0.0013530254364013672,2,0.0
298933,2014-02-09 09:00:00,48,24,58.834,113.0219487081094,0.09837267835008355,0.5620295008262479,188.0219487081094,0.0,0.0,58.834,0.0,0.0,58.834,0.0,777.543,777.543,0.0,4622.472266760344,0.0013530254364013672,2,0.0
298934,2014-02-09 10:00:00,48,24,1.481,107.72679366372539,0.6645944162884794,0.6701321141450269,182.7267936637254,0.0,0.0,1.481,0.0,0.0,1.481,0.0,777.543,777.543,0.0,4622.472266760344,0.0013530254364013672,2,0.0
298935,2014-02-09 11:00:00,48,24,0.0,104.19026433476853,1.0116890837439791,0.7895018909837942,179.19026433476853,0.0,0.0,0.0,0.0,0.0,0.0,0.0,777.543,777.543,0.0,4622.472266760344,0.0013530254364013672,2,0.0
298936,2014-02-09 12:00:00,48,24,2.425,101.58278914406165,0.7060926070951834,0.7470018137440444,176.58278914406165,0.0,0.0,2.425,0.0,0.0,2.425,0.0,777.543,777.543,0.0,4622.472266760344,0.0013530254364013672,2,0.0
298937,2014-02-09 13:00:00,48,24,21.698,101.31907741716492,0.6215823429845351,0.9703293876743451,176.31907741716492,0.0,0.0,21.698,0.0,0.0,21.698,0.0,777.543,777.543,0.0,4622.472266760344,0.0013530254364013672,2,0.0
298938,2014-02-09 14:00:00,48,24,63.003,101.29577256504992,0.6426282780932284,0.9828805971937464,176.2957725650499,0.0,0.0,63.003,0.0,0.0,63.003,0.0,777.543,777.543,0.0,4622.472266760344,0.0013530254364013672,2,0.0
298939,2014-02-09 15:00:00,48,24,94.15,102.68181078664443,0.8722041062041356,0.9804451839515125,177.68181078664443,0.0,0.0,94.15,0.0,0.0,94.15,0.0,777.543,777.543,0.0,4622.472266760344,0.0013530254364013672,2,0.0
298940,2014-02-09 16:00:00,48,24,113.262,105.20382382796501,0.669314167603405,0.7443551931243161,180.203823827965,0.0,0.0,113.262,0.0,0.0,113.262,0.0,777.543,777.543,0.0,4622.472266760344,0.0013530254364013672,2,0.0
298941,2014-02-09 17:00:00,48,24,133.529,109.55395786359621,0.9012053454159735,0.924703889491334,184.55395786359622,0.0,0.0,133.529,0.0,0.0,133.529,0.0,777.543,777.543,0.0,4622.472266760344,0.0013530254364013672,2,0.0
298942,2014-02-09 18:00:00,48,24,123.3,113.17443715240188,0.6786646183216536,0.858939621521241,188.17443715240188,0.0,0.0,123.3,0.0,0.0,123.3,0.0,777.543,777.543,0.0,4622.472266760344,0.0013530254364013672,2,0.0
298943,2014-02-09 19:00:00,48,24,171.688,117.09056962722961,0.6875698094818905,0.7821739032749307,192.09056962722963,0.0,0.0,171.688,0.0,0.0,171.688,0.0,777.543,777.543,0.0,4622.472266760344,0.0013530254364013672,2,0.0
298944,2014-02-09 20:00:00,48,24,195.724,122.44340848135607,0.6184358421079181,0.7989289150527248,197.44340848135607,0.0,0.0,195.724,0.0,0.0,195.724,0.0,777.543,777.543,0.0,4622.472266760344,0.0013530254364013672,2,0.0
298945,2014-02-09 21:00:00,48,24,187.831,129.97903429041492,0.6961119428486717,0.6989364556398825,204.97903429041492,0.0,0.0,187.831,0.0,0.0,187.831,0.0,777.543,777.543,0.0,4622.472266760344,0.0013530254364013672,2,0.0
298946,2014-02-09 22:00:00,48,24,172.471,136.733711334563,0.6690470118685977,0.8732765964428906,211.733711334563,0.0,0.0,172.471,0.0,0.0,172.471,0.0,777.543,777.543,0.0,4622.472266760344,0.0013530254364013672,2,0.0
298947,2014-02-09 23:00:00,48,24,148.556,140.55783935065799,0.672193512745215,0.9244129107323121,215.55783935065799,0.0,0.0,148.556,0.0,0.0,148.556,0.0,777.543,777.543,0.0,4622.472266760344,0.0013530254364013672,2,0.0
298948,2014-02-10 00:00:00,48,24,133.09,141.57664973082137,0.7049052482738184,0.6898980466750729,216.57664973082137,0.0,0.0,133.09,0.0,0.0,133.09,0.0,777.543,777.543,0.0,4244.33553933837,0.0016951560974121094,2,0.0
298949,2014-02-10 01:00:00,48,24,112.612,137.6277704590234,0.6602605565904974,0.7090816318069713,212.6277704590234,0.0,0.0,112.612,0.0,0.0,112.612,0.0,777.543,777.543,0.0,4244.33553933837,0.0016951560974121094,2,0.0
298950,2014-02-10 02:00:00,48,24,135.353,134.01175592389976,0.6146659778500845,0.67186196478967,209.01175592389976,0.0,0.0,135.353,0.0,0.0,135.353,0.0,777.543,777.543,0.0,4244.33553933837,0.0016951560974121094,2,0.0
298951,2014-02-10 03:00:00,48,24,161.716,126.59508048887903,0.8394626867049977,0.6816866127069731,201.59508048887903,0.0,0.0,161.716,0.0,0.0,161.716,0.0,777.543,777.543,0.0,4244.33553933837,0.0016951560974121094,2,0.0
298952,2014-02-10 04:00:00,48,24,152.807,116.94178163272574,0.6148440816732893,0.6581743484349069,191.94178163272574,0.0,0.0,152.807,0.0,0.0,152.807,0.0,777.543,777.543,0.0,4244.33553933837,0.0016951560974121094,2,0.0
298953,2014-02-10 05:00:00,48,24,134.209,106.82656696150877,0.6377304229550981,0.7465485119726546,181.82656696150877,0.0,0.0,134.209,0.0,0.0,134.209,0.0,777.543,777.543,0.0,4244.33553933837,0.0016951560974121094,2,0.0
298954,2014-02-10 06:00:00,48,24,128.563,98.90192406994052,0.6130036755001738,0.7524716514585357,173.90192406994052,0.0,0.0,128.563,0.0,0.0,128.563,0.0,777.543,777.543,0.0,4244.33553933837,0.0016951560974121094,2,0.0
298955,2014-02-10 07:00:00,48,24,112.316,91.57236133148946,0.6575593152718924,0.6028776127067619,75.0,91.57236133148946,0.0,20.743638668510542,91.57236133148946,0.0,20.743638668510542,0.0,777.543,869.1153613314895,1.0,4244.33553933837,0.0016951560974121094,2,0.0
298956,2014-02-10 08:00:00,48,24,88.996,84.79455261431751,0.721943847360405,0.7945579087997399,159.79455261431752,0.0,0.0,88.996,0.0,0.0,88.996,0.0,869.1153613314895,869.1153613314895,0.0,4244.33553933837,0.0016951560974121094,2,0.0
298957,2014-02-10 09:00:00,48,24,59.042,79.84134992774831,0.711851297378803,0.6047685112806462,75.0,79.84134992774831,0.0,0.0,59.042,0.0,0.0,0.0,869.1153613314895,928.1573613314895,1.0,4244.33553933837,0.0016951560974121094,2,0.0
298958,2014-02-10 10:00:00,48,24,65.665,75.74574258557797,0.584625799669552,0.7606079842074575,150.74574258557797,0.0,0.0,65.665,0.0,0.0,65.665,0.0,928.1573613314895,928.1573613314895,0.0,4244.33553933837,0.0016951560974121094,2,0.0
298959,2014-02-10 11:00:00,48,24,58.804,74.10643359907924,0.5823104499678904,0.871511412052542,149.10643359907925,0.0,0.0,58.804,0.0,0.0,58.804,0.0,928.1573613314895,928.1573613314895,0.0,4244.33553933837,0.0016951560974121094,2,0.0
298960,2014-02-10 12:00:00,48,24,49.583,74.52575139797136,0.5053695983434437,0.8451498317834182,149.52575139797136,0.0,0.0,49.583,0.0,0.0,49.583,0.0,928.1573613314895,928.1573613314895,0.0,4244.33553933837,0.0016951560974121094,2,0.0
298961,2014-02-10 13:00:00,48,24,40.925,77.0959990658627,0.02018509996320363,0.9852550807553806,152.0959990658627,0.0,0.0,40.925,0.0,0.0,40.925,0.0,928.1573613314895,928.1573613314895,0.0,4244.33553933837,0.0016951560974121094,2,0.0
298962,2014-02-10 14:00:00,48,24,52.5,79.90772871770622,0.5751862970397009,1.0008547338815141,154.90772871770622,0.0,0.0,52.5,0.0,0.0,52.5,0.0,928.1573613314895,928.1573613314895,0.0,4244.33553933837,0.0016951560974121094,2,0.0
298963,2014-02-10 15:00:00,48,24,35.966,82.49179893398193,0.45653946681481156,1.0420468484927565,157.49179893398193,0.0,0.0,35.966,0.0,0.0,35.966,0.0,928.1573613314895,928.1573613314895,0.0,4244.33553933837,0.0016951560974121094,2,0.0
298964,2014-02-10 16:00:00,48,24,33.517,85.79798262479426,0.6146362938795504,0.7883852030403611,160.79798262479426,0.0,0.0,33.517,0.0,0.0,33.517,0.0,928.1573613314895,928.1573613314895,0.0,4244.33553933837,0.0016951560974121094,2,0.0
298965,2014-02-10 17:00:00,48,24,33.51,92.59970436773563,0.4238574152567421,0.975221868015257,167.59970436773563,0.0,0.0,33.51,0.0,0.0,33.51,0.0,928.1573613314895,928.1573613314895,0.0,4244.33553933837,0.0016951560974121094,2,0.0
298966,2014-02-10 18:00:00,48,24,28.869,99.50450053225302,0.33982209467463986,0.9027308396759476,174.50450053225302,0.0,0.0,28.869,0.0,0.0,28.869,0.0,928.1573613314895,928.1573613314895,0.0,4244.33553933837,0.0016951560974121094,2,0.0
298967,2014-02-10 19:00:00,48,24,42.987,105.91766291406255,0.5470755769438865,0.8114118359008898,180.91766291406253,0.0,0.0,42.987,0.0,0.0,42.987,0.0,928.1573613314895,928.1573613314895,0.0,4244.33553933837,0.0016951560974121094,2,0.0
298968,2014-02-10 20:00:00,48,24,53.715,113.53838918945203,0.5661030020562593,0.8262161941530187,188.53838918945203,0.0,0.0,53.715,0.0,0.0,53.715,0.0,928.1573613314895,928.1573613314895,0.0,4244.33553933837,0.0016951560974121094,2,0.0
298969,2014-02-10 21:00:00,48,24,58.009,121.71383031683885,0.6696406912792804,0.7239404106452817,196.71383031683885,0.0,0.0,58.009,0.0,0.0,58.009,0.0,928.1573613314895,928.1573613314895,0.0,4244.33553933837,0.0016951560974121094,2,0.0
298970,2014-02-10 22:00:00,48,24,59.366,125.27799495396337,0.7095953156182098,0.9225182084713917,200.27799495396337,0.0,0.0,59.366,0.0,0.0,59.366,0.0,928.1573613314895,928.1573613314895,0.0,4244.33553933837,0.0016951560974121094,2,0.0
298971,2014-02-10 23:00:00,48,24,66.84,126.15120193368068,0.72414046117993,0.9622230102680128,201.15120193368068,0.0,0.0,66.84,0.0,0.0,66.84,0.0,928.1573613314895,928.1573613314895,0.0,4244.33553933837,0.0016951560974121094,2,0.0
298972,2014-02-11 00:00:00,48,24,60.987,73.02713393661891,0.600506723905308,0.6611340500617346,148.0271339366189,0.0,0.0,60.987,0.0,0.0,60.987,0.0,928.1573613314895,928.1573613314895,0.0,3970.2871401030307,0.0013489723205566406,2,0.0
298973,2014-02-11 01:00:00,48,24,67.305,78.593250867362,0.5716242205756062,0.6771524945062701,153.593250867362,0.0,0.0,67.305,0.0,0.0,67.305,0.0,928.1573613314895,928.1573613314895,0.0,3970.2871401030307,0.0013489723205566406,2,0.0
298974,2014-02-11 02:00:00,48,24,46.743,83.2785546342592,0.37327592946659643,0.6387696276055284,158.2785546342592,0.0,0.0,46.743,0.0,0.0,46.743,0.0,928.1573613314895,928.1573613314895,0.0,3970.2871401030307,0.0013489723205566406,2,0.0
298975,2014-02-11 03:00:00,48,24,22.407,82.41926306603617,0.597182119205486,0.7023409732326705,157.41926306603617,0.0,0.0,22.407,0.0,0.0,22.407,0.0,928.1573613314895,928.1573613314895,0.0,3970.2871401030307,0.0013489723205566406,2,0.0
298976,2014-02-11 04:00:00,48,24,24.601,80.09631969272498,0.03030733391533956,0.6235430468388147,83.25368102421446,71.84263866851052,0.0,0.0,24.601,0.0,0.0,0.0,928.1573613314895,952.7583613314895,1.0,3970.2871401030307,0.0013489723205566406,2,0.0
298977,2014-02-11 05:00:00,48,24,47.606,75.23204360251441,0.2911403829986782,0.8121822049318018,150.2320436025144,0.0,0.0,47.606,0.0,0.0,47.606,0.0,952.7583613314895,952.7583613314895,0.0,3970.2871401030307,0.0013489723205566406,2,0.0
298978,2014-02-11 06:00:00,48,24,75.636,72.61395927769658,0.08733024131138982,0.8020354874889382,147.61395927769658,0.0,0.0,75.636,0.0,0.0,75.636,0.0,952.7583613314895,952.7583613314895,0.0,3970.2871401030307,0.0013489723205566406,2,0.0
298979,2014-02-11 07:00:00,48,24,66.396,68.15995948484196,1.0186945007900323,0.6550157914656076,143.15995948484198,0.0,0.0,66.396,0.0,0.0,66.396,0.0,952.7583613314895,952.7583613314895,0.0,3970.2871401030307,0.0013489723205566406,2,0.0
298980,2014-02-11 08:00:00,48,24,57.826,65.53915154442295,0.5908891174522519,0.8479090419934514,140.53915154442296,0.0,0.0,57.826,0.0,0.0,57.826,0.0,952.7583613314895,952.7583613314895,0.0,3970.2871401030307,0.0013489723205566406,2,0.0
298981,2014-02-11 09:00:00,48,24,50.918,63.7494251891892,0.39645911045374654,0.679352095831113,138.7494251891892,0.0,0.0,50.918,0.0,0.0,50.918,0.0,952.7583613314895,952.7583613314895,0.0,3970.2871401030307,0.0013489723205566406,2,0.0
298982,2014-02-11 10:00:00,48,24,58.914,63.26374549653633,0.6775959953824252,0.8158622334107947,138.26374549653633,0.0,0.0,58.914,0.0,0.0,58.914,0.0,952.7583613314895,952.7583613314895,0.0,3970.2871401030307,0.0013489723205566406,2,0.0
298983,2014-02-11 11:00:00,48,24,23.555,63.54602985369664,0.6656927231982419,0.9222587503557437,138.54602985369664,0.0,0.0,23.555,0.0,0.0,23.555,0.0,952.7583613314895,952.7583613314895,0.0,3970.2871401030307,0.0013489723205566406,2,0.0
298984,2014-02-11 12:00:00,48,24,12.197,63.91217305549243,0.7376763517434902,0.9286240718025246,138.91217305549242,0.0,0.0,12.197,0.0,0.0,12.197,0.0,952.7583613314895,952.7583613314895,0.0,3970.2871401030307,0.0013489723205566406,2,0.0
298985,2014-02-11 13:00:00,48,24,12.47,65.74972510026348,0.6704421584837017,1.0122602652917636,140.74972510026348,0.0,0.0,12.47,0.0,0.0,12.47,0.0,952.7583613314895,952.7583613314895,0.0,3970.2871401030307,0.0013489723205566406,2,0.0
298986,2014-02-11 14:00:00,48,24,8.428,66.36595349797553,0.5363893475516022,1.0356175848259943,141.3659534979755,0.0,0.0,8.428,0.0,0.0,8.428,0.0,952.7583613314895,952.7583613314895,0.0,3970.2871401030307,0.0013489723205566406,2,0.0
298987,2014-02-11 15:00:00,48,24,5.371,67.98278403582424,0.8725009459094768,1.114143046682591,142.98278403582424,0.0,0.0,5.371,0.0,0.0,5.371,0.0,952.7583613314895,952.7583613314895,0.0,3970.2871401030307,0.0013489723205566406,2,0.0
298988,2014-02-11 16:00:00,48,24,0.224,71.02431546475498,0.6088479196253963,0.8639490936685812,146.02431546475498,0.0,0.0,0.224,0.0,0.0,0.224,0.0,952.7583613314895,952.7583613314895,0.0,3970.2871401030307,0.0013489723205566406,2,0.0
298989,2014-02-11 17:00:00,48,24,0.0,75.85245808129683,1.6761944481208564,1.0366378613733738,150.85245808129685,0.0,0.0,0.0,0.0,0.0,0.0,0.0,952.7583613314895,952.7583613314895,0.0,3970.2871401030307,0.0013489723205566406,2,0.0
298990,2014-02-11 18:00:00,48,24,0.0,82.45203739923198,0.7231015222112358,0.9777440968283608,157.45203739923198,0.0,0.0,0.0,0.0,0.0,0.0,0.0,952.7583613314895,952.7583613314895,0.0,3970.2871401030307,0.0013489723205566406,2,0.0
298991,2014-02-11 19:00:00,48,24,0.0,89.55636182241538,0.7401698052683564,0.8970614201201068,164.5563618224154,0.0,0.0,0.0,0.0,0.0,0.0,0.0,952.7583613314895,952.7583613314895,0.0,3970.2871401030307,0.0013489723205566406,2,0.0
298992,2014-02-11 20:00:00,48,24,0.0,98.20516094980708,0.40147570147401335,0.8760962033602943,173.20516094980707,0.0,0.0,0.0,0.0,0.0,0.0,0.0,952.7583613314895,952.7583613314895,0.0,3970.2871401030307,0.0013489723205566406,2,0.0
298993,2014-02-11 21:00:00,48,24,0.0,107.37540850901007,0.6079870844799068,0.7833687267991153,182.37540850901007,0.0,0.0,0.0,0.0,0.0,0.0,0.0,952.7583613314895,952.7583613314895,0.0,3970.2871401030307,0.0013489723205566406,2,0.0
298994,2014-02-11 22:00:00,48,24,0.0,114.08929963480031,0.5858131584909171,1.0001836504432413,189.0892996348003,0.0,0.0,0.0,0.0,0.0,0.0,0.0,952.7583613314895,952.7583613314895,0.0,3970.2871401030307,0.0013489723205566406,2,0.0
298995,2014-02-11 23:00:00,48,24,0.0,118.57430233307375,0.5672195760248122,0.9803099568478223,193.57430233307375,0.0,0.0,0.0,0.0,0.0,0.0,0.0,952.7583613314895,952.7583613314895,0.0,3970.2871401030307,0.0013489723205566406,2,0.0
298996,2014-02-12 00:00:00,48,24,0.0,9.887288589649074,0.6156364153483156,0.6046928339507808,75.0,9.887288589649074,0.0,0.0,0.0,0.0,0.0,0.0,952.7583613314895,952.7583613314895,1.0,3062.912115434879,0.0012738704681396484,2,0.0
298997,2014-02-12 01:00:00,48,24,0.108,20.038395888850133,0.5935309908297889,0.6452534285480558,95.03839588885013,0.0,0.0,0.108,0.0,0.0,0.108,0.0,952.7583613314895,952.7583613314895,0.0,3062.912115434879,0.0012738704681396484,2,0.0
298998,2014-02-12 02:00:00,48,24,4.071,28.947313671027572,0.7052317719496939,0.6612228270532994,103.94731367102757,0.0,0.0,4.071,0.0,0.0,4.071,0.0,952.7583613314895,952.7583613314895,0.0,3062.912115434879,0.0012738704681396484,2,0.0
298999,2014-02-12 03:00:00,48,24,16.148,32.542583119125254,0.644260896472605,0.6560037210889729,107.54258311912525,0.0,0.0,16.148,0.0,0.0,16.148,0.0,952.7583613314895,952.7583613314895,0.0,3062.912115434879,0.0012738704681396484,2,0.0
299000,2014-02-12 04:00:00,48,24,15.491,35.985196474538,0.6682455446641766,0.6070803359487575,109.0528268741361,1.9323696004018984,0.0,13.558630399598101,1.9323696004018984,0.0,13.558630399598101,0.0,952.7583613314895,954.6907309318914,1.0,3062.912115434879,0.0012738704681396484,2,0.0
299001,2014-02-12 05:00:00,48,24,12.531,35.8834911208977,0.6849873040454219,0.7739701121086291,110.8834911208977,0.0,0.0,12.531,0.0,0.0,12.531,0.0,954.6907309318914,954.6907309318914,0.0,3062.912115434879,0.0012738704681396484,2,0.0
299002,2014-02-12 06:00:00,48,24,11.747,36.95204763278396,0.6670285018722774,0.7036266210970338,111.95204763278396,0.0,0.0,11.747,0.0,0.0,11.747,0.0,954.6907309318914,954.6907309318914,0.0,3062.912115434879,0.0012738704681396484,2,0.0
299003,2014-02-12 07:00:00,48,24,28.635,35.42198047845949,0.5827009083495316,0.6049210785182189,75.0,35.42198047845949,0.0,0.0,28.635,0.0,0.0,0.0,954.6907309318914,983.3257309318914,1.0,3062.912115434879,0.0012738704681396484,2,0.0
299004,2014-02-12 08:00:00,48,24,43.763,35.523586985113255,0.6236008529808554,0.741643711583015,110.52358698511325,0.0,0.0,43.763,0.0,0.0,43.763,0.0,983.3257309318914,983.3257309318914,0.0,3062.912115434879,0.0012738704681396484,2,0.0
299005,2014-02-12 09:00:00,48,24,59.203,36.1473277758907,0.9244775783147261,0.6191723312416549,111.1473277758907,0.0,0.0,59.203,0.0,0.0,59.203,0.0,983.3257309318914,983.3257309318914,0.0,3062.912115434879,0.0012738704681396484,2,0.0
299006,2014-02-12 10:00:00,48,24,23.714,38.51296159903483,0.3619663366930957,0.8024529117369122,113.51296159903484,0.0,0.0,23.714,0.0,0.0,23.714,0.0,983.3257309318914,983.3257309318914,0.0,3062.912115434879,0.0012738704681396484,2,0.0
299007,2014-02-12 11:00:00,48,24,11.002,41.06575034326676,0.6955844815261039,0.8546207756700293,116.06575034326676,0.0,0.0,11.002,0.0,0.0,11.002,0.0,983.3257309318914,983.3257309318914,0.0,3062.912115434879,0.0012738704681396484,2,0.0
299008,2014-02-12 12:00:00,48,24,21.168,41.651236750297564,0.3226647597059168,0.8999059472770807,116.65123675029756,0.0,0.0,21.168,0.0,0.0,21.168,0.0,983.3257309318914,983.3257309318914,0.0,3062.912115434879,0.0012738704681396484,2,0.0
299009,2014-02-12 13:00:00,48,24,28.959,43.66916917408939,0.11582685302414787,0.9720739320055113,118.66916917408939,0.0,0.0,28.959,0.0,0.0,28.959,0.0,983.3257309318914,983.3257309318914,0.0,3062.912115434879,0.0012738704681396484,2,0.0
299010,2014-02-12 14:00:00,48,24,32.463,44.9141335996825,0.43074409642065853,0.9832942250489612,119.9141335996825,0.0,0.0,32.463,0.0,0.0,32.463,0.0,983.3257309318914,983.3257309318914,0.0,3062.912115434879,0.0012738704681396484,2,0.0
299011,2014-02-12 15:00:00,48,24,27.733,48.23292040290917,0.2345330511901057,1.070692988377694,123.23292040290917,0.0,0.0,27.733,0.0,0.0,27.733,0.0,983.3257309318914,983.3257309318914,0.0,3062.912115434879,0.0012738704681396484,2,0.0
299012,2014-02-12 16:00:00,48,24,18.406,52.25432108967725,0.3981214128036574,0.8020180848979401,127.25432108967725,0.0,0.0,18.406,0.0,0.0,18.406,0.0,983.3257309318914,983.3257309318914,0.0,3062.912115434879,0.0012738704681396484,2,0.0
299013,2014-02-12 17:00:00,48,24,10.879,58.009786607124795,0.17561036967987154,0.9860180556909679,133.0097866071248,0.0,0.0,10.879,0.0,0.0,10.879,0.0,983.3257309318914,983.3257309318914,0.0,3062.912115434879,0.0012738704681396484,2,0.0
299014,2014-02-12 18:00:00,48,24,4.408,65.86512287631317,0.11778599507939996,0.8974698782082386,140.86512287631317,0.0,0.0,4.408,0.0,0.0,4.408,0.0,983.3257309318914,983.3257309318914,0.0,3062.912115434879,0.0012738704681396484,2,0.0
299015,2014-02-12 19:00:00,48,24,0.017,72.96885313285108,0.33599286247573795,0.82651492138093,147.96885313285108,0.0,0.0,0.017,0.0,0.0,0.017,0.0,983.3257309318914,983.3257309318914,0.0,3062.912115434879,0.0012738704681396484,2,0.0
299016,2014-02-12 20:00:00,48,24,0.0,81.69961498552762,0.299303474895562,0.8051285514997661,156.6996149855276,0.0,0.0,0.0,0.0,0.0,0.0,0.0,983.3257309318914,983.3257309318914,0.0,3062.912115434879,0.0012738704681396484,2,0.0
299017,2014-02-12 21:00:00,48,24,0.22,90.70032420419463,0.575661240568247,0.7354996079244173,165.70032420419463,0.0,0.0,0.22,0.0,0.0,0.22,0.0,983.3257309318914,983.3257309318914,0.0,3062.912115434879,0.0012738704681396484,2,0.0
299018,2014-02-12 22:00:00,48,24,6.513,98.31376702693387,0.4224622686416382,0.9557348389494364,173.31376702693387,0.0,0.0,6.513,0.0,0.0,6.513,0.0,983.3257309318914,983.3257309318914,0.0,3062.912115434879,0.0012738704681396484,2,0.0
299019,2014-02-12 23:00:00,48,24,32.309,104.6730220835189,0.47791192559937995,0.9064926037086535,179.6730220835189,0.0,0.0,32.309,0.0,0.0,32.309,0.0,983.3257309318914,983.3257309318914,0.0,3062.912115434879,0.0012738704681396484,2,0.0
299020,2014-02-13 00:00:00,48,24,55.83,44.44764188116203,0.5950151893564952,0.4775561273930198,119.44764188116203,0.0,0.0,55.83,0.0,0.0,55.83,0.0,983.3257309318914,983.3257309318914,0.0,3144.7278460412854,0.0011990070343017578,2,0.0
299021,2014-02-13 01:00:00,48,24,84.708,53.85759450614803,0.4994031202660849,0.47980671538551606,128.85759450614802,0.0,0.0,84.708,0.0,0.0,84.708,0.0,983.3257309318914,983.3257309318914,0.0,3144.7278460412854,0.0011990070343017578,2,0.0
299022,2014-02-13 02:00:00,48,24,162.334,61.95996956601847,0.08590541072575189,0.5281516310294602,136.95996956601846,0.0,0.0,136.95996956601846,0.0,0.0,136.95996956601846,25.374030433981545,983.3257309318914,983.3257309318914,0.0,3144.7278460412854,0.0011990070343017578,2,0.0
299023,2014-02-13 03:00:00,48,24,215.876,64.30942377056445,0.6807721802295764,0.4865845268601857,139.30942377056445,0.0,0.0,139.30942377056445,0.0,0.0,139.30942377056445,76.56657622943555,983.3257309318914,983.3257309318914,0.0,3144.7278460412854,0.0011990070343017578,2,0.0
299024,2014-02-13 04:00:00,48,24,225.458,65.3219720016032,0.11131488950296119,0.45606371142105906,123.64770293349457,16.67426906810863,0.0,123.64770293349457,16.67426906810863,0.0,123.64770293349457,85.1360279983968,983.3257309318914,1000.0,1.0,3144.7278460412854,0.0011990070343017578,2,0.0
299025,2014-02-13 05:00:00,48,24,225.752,62.28748306064767,0.11131488950296117,0.6438490012910918,137.28748306064767,0.0,0.0,137.28748306064767,0.0,0.0,137.28748306064767,88.46451693935234,1000.0,1000.0,0.0,3144.7278460412854,0.0011990070343017578,2,0.0
299026,2014-02-13 06:00:00,48,24,225.687,61.03115235000347,0.11321466361714504,0.6233263765973112,136.03115235000348,0.0,0.0,136.03115235000348,0.0,0.0,136.03115235000348,89.65584764999653,1000.0,1000.0,0.0,3144.7278460412854,0.0011990070343017578,2,0.0
299027,2014-02-13 07:00:00,48,24,219.013,56.81371380927254,0.4356122675882547,0.5567843876656308,131.81371380927254,0.0,0.0,131.81371380927254,0.0,0.0,131.81371380927254,87.19928619072746,1000.0,1000.0,0.0,3144.7278460412854,0.0011990070343017578,2,0.0
299028,2014-02-13 08:00:00,48,24,201.514,55.07169185648779,0.6488619119053942,0.6220416531599633,130.0716918564878,0.0,0.0,130.0716918564878,0.0,0.0,130.0716918564878,71.44230814351221,1000.0,1000.0,0.0,3144.7278460412854,0.0011990070343017578,2,0.0
299029,2014-02-13 09:00:00,48,24,142.253,53.887481654158975,0.1255335113888061,0.5984913154886432,128.887481654159,0.0,0.0,128.887481654159,0.0,0.0,128.887481654159,13.365518345840997,1000.0,1000.0,0.0,3144.7278460412854,0.0011990070343017578,2,0.0
299030,2014-02-13 10:00:00,48,24,92.561,55.19700882848103,-0.03336478288035423,0.718074146699667,130.19700882848105,0.0,0.0,92.561,0.0,0.0,92.561,0.0,1000.0,1000.0,0.0,3144.7278460412854,0.0011990070343017578,2,0.0
299031,2014-02-13 11:00:00,48,24,63.17,56.093387561424066,3.35633686432275,0.8142241312631272,131.09338756142407,0.0,0.0,63.17,0.0,0.0,63.17,0.0,1000.0,1000.0,0.0,3144.7278460412854,0.0011990070343017578,2,0.0
299032,2014-02-13 12:00:00,48,24,8.348,54.943147039851326,-0.029647436416542522,0.8508099720260729,129.94314703985134,0.0,0.0,8.348,0.0,0.0,8.348,0.0,1000.0,1000.0,0.0,3144.7278460412854,0.0011990070343017578,2,0.0
299033,2014-02-13 13:00:00,48,24,3.686,54.92489427193649,-0.08364942896515856,0.90688450598248,129.9248942719365,0.0,0.0,3.686,0.0,0.0,3.686,0.0,1000.0,1000.0,0.0,3144.7278460412854,0.0011990070343017578,2,0.0
299034,2014-02-13 14:00:00,48,24,0.434,53.80727039043469,-0.053490514902489614,0.9550362475425582,128.8072703904347,0.0,0.0,0.434,0.0,0.0,0.434,0.0,1000.0,1000.0,0.0,3144.7278460412854,0.0011990070343017578,2,0.0
299035,2014-02-13 15:00:00,48,24,0.0,56.00340881977759,-0.028674715535962802,1.005894075048431,131.00340881977758,0.0,0.0,0.0,0.0,0.0,0.0,0.0,1000.0,1000.0,0.0,3144.7278460412854,0.0011990070343017578,2,0.0
299036,2014-02-13 16:00:00,48,24,0.0,59.21164594133305,-0.026448417745903577,0.7793976766675819,134.21164594133305,0.0,0.0,0.0,0.0,0.0,0.0,0.0,1000.0,1000.0,0.0,3144.7278460412854,0.0011990070343017578,2,0.0
299037,2014-02-13 17:00:00,48,24,0.0,63.04069947262379,-0.03238521185272818,0.9108141082764373,138.0406994726238,0.0,0.0,0.0,0.0,0.0,0.0,0.0,1000.0,1000.0,0.0,3144.7278460412854,0.0011990070343017578,2,0.0
299038,2014-02-13 18:00:00,48,24,0.0,69.3790376876381,-0.05639954401483366,0.8948253107307506,144.37903768763812,0.0,0.0,0.0,0.0,0.0,0.0,0.0,1000.0,1000.0,0.0,3144.7278460412854,0.0011990070343017578,2,0.0
299039,2014-02-13 19:00:00,48,24,0.0,75.82391399417475,-0.027309252891393142,0.8459216437723986,150.82391399417475,0.0,0.0,0.0,0.0,0.0,0.0,0.0,1000.0,1000.0,0.0,3144.7278460412854,0.0011990070343017578,2,0.0
299040,2014-02-13 20:00:00,48,24,0.0,83.3941172811765,-0.06376116870729616,0.7996115622717248,158.3941172811765,0.0,0.0,0.0,0.0,0.0,0.0,0.0,1000.0,1000.0,0.0,3144.7278460412854,0.0011990070343017578,2,0.0
299041,2014-02-13 21:00:00,48,24,2.654,92.3907380615867,-0.011547064537773837,0.7159809930705817,167.39073806158672,0.0,0.0,2.654,0.0,0.0,2.654,0.0,1000.0,1000.0,0.0,3144.7278460412854,0.0011990070343017578,2,0.0
299042,2014-02-13 22:00:00,48,24,15.484,99.76561022986485,-0.03146500876617036,0.9491923096395665,174.76561022986485,0.0,0.0,15.484,0.0,0.0,15.484,0.0,1000.0,1000.0,0.0,3144.7278460412854,0.0011990070343017578,2,0.0
299043,2014-02-13 23:00:00,48,24,58.205,106.69080589792108,-0.0260922100994941,0.8803814893583248,181.69080589792108,0.0,0.0,58.205,0.0,0.0,58.205,0.0,1000.0,1000.0,0.0,3144.7278460412854,0.0011990070343017578,2,0.0
299044,2014-02-14 00:00:00,48,24,97.204,74.0587532948483,-0.04906760329290529,0.05349933661952022,149.05875329484832,0.0,0.0,97.204,0.0,0.0,97.204,0.0,1000.0,1000.0,0.0,2665.880494990443,0.00150299072265625,2,0.0
299045,2014-02-14 01:00:00,48,24,192.61,88.7663124950799,-0.0460016731934523,0.19432587875874985,163.7663124950799,0.0,0.0,163.7663124950799,0.0,0.0,163.7663124950799,28.843687504920126,1000.0,1000.0,0.0,2665.880494990443,0.00150299072265625,2,0.0
299046,2014-02-14 02:00:00,48,24,216.042,98.51182501451166,-0.24381226037907253,0.2733589308706834,173.51182501451166,0.0,0.0,173.51182501451166,0.0,0.0,173.51182501451166,42.530174985488344,1000.0,1000.0,0.0,2665.880494990443,0.00150299072265625,2,0.0
299047,2014-02-14 03:00:00,48,24,218.925,100.78561597164443,0.12060597228014165,0.15807173801254293,175.78561597164443,0.0,0.0,175.78561597164443,0.0,0.0,175.78561597164443,43.13938402835558,1000.0,1000.0,0.0,2665.880494990443,0.00150299072265625,2,0.0
299048,2014-02-14 04:00:00,48,24,218.093,97.65460676058056,-0.08287764573127136,0.17601170742229788,172.65460676058058,0.0,0.0,172.65460676058058,0.0,0.0,172.65460676058058,45.43839323941941,1000.0,1000.0,0.0,2665.880494990443,0.00150299072265625,2,0.0
299049,2014-02-14 05:00:00,48,24,218.166,91.3815856750164,-0.07783137074047046,0.41127241915243407,166.3815856750164,0.0,0.0,166.3815856750164,0.0,0.0,166.3815856750164,51.7844143249836,1000.0,1000.0,0.0,2665.880494990443,0.00150299072265625,2,0.0
299050,2014-02-14 06:00:00,48,24,217.365,87.22456812569085,-0.10991974288785739,0.34671659903977464,162.22456812569084,0.0,0.0,162.22456812569084,0.0,0.0,162.22456812569084,55.14043187430917,1000.0,1000.0,0.0,2665.880494990443,0.00150299072265625,2,0.0
299051,2014-02-14 07:00:00,48,24,224.383,82.35386715958714,-0.028170088036882708,0.2733761773748269,157.35386715958714,0.0,0.0,157.35386715958714,0.0,0.0,157.35386715958714,67.02913284041287,1000.0,1000.0,0.0,2665.880494990443,0.00150299072265625,2,0.0
299052,2014-02-14 08:00:00,48,24,225.919,77.19914755898688,-0.028555979653826304,0.337859225624199,152.19914755898688,0.0,0.0,152.19914755898688,0.0,0.0,152.19914755898688,73.71985244101313,1000.0,1000.0,0.0,2665.880494990443,0.00150299072265625,2,0.0
299053,2014-02-14 09:00:00,48,24,225.069,71.31391031998712,-0.03814390213634803,0.3691418450635002,146.31391031998712,0.0,0.0,146.31391031998712,0.0,0.0,146.31391031998712,78.75508968001287,1000.0,1000.0,0.0,2665.880494990443,0.00150299072265625,2,0.0
299054,2014-02-14 10:00:00,48,24,187.829,66.97142105305396,1.5586756087762637,0.521964549176557,141.97142105305397,0.0,0.0,141.97142105305397,0.0,0.0,141.97142105305397,45.857578946946035,1000.0,1000.0,0.0,2665.880494990443,0.00150299072265625,2,0.0
299055,2014-02-14 11:00:00,48,24,226.619,66.38638090068156,0.49311011851285097,0.5514473561816811,141.38638090068156,0.0,0.0,141.38638090068156,0.0,0.0,141.38638090068156,85.23261909931844,1000.0,1000.0,0.0,2665.880494990443,0.00150299072265625,2,0.0
299056,2014-02-14 12:00:00,48,24,225.491,63.05372202999314,0.5969766147940961,0.5744829560880715,138.05372202999314,0.0,0.0,138.05372202999314,0.0,0.0,138.05372202999314,87.43727797000687,1000.0,1000.0,0.0,2665.880494990443,0.00150299072265625,2,0.0
299057,2014-02-14 13:00:00,48,24,217.162,63.10719957589087,0.3945890203100968,0.742492739573494,138.10719957589086,0.0,0.0,138.10719957589086,0.0,0.0,138.10719957589086,79.05480042410915,1000.0,1000.0,0.0,2665.880494990443,0.00150299072265625,2,0.0
299058,2014-02-14 14:00:00,48,24,217.856,63.11761927041483,0.5993787330250111,0.7849300540411632,138.11761927041482,0.0,0.0,138.11761927041482,0.0,0.0,138.11761927041482,79.73838072958517,1000.0,1000.0,0.0,2665.880494990443,0.00150299072265625,2,0.0
299059,2014-02-14 15:00:00,48,24,216.683,67.53846018152763,0.5968852795001448,0.7317194475139,142.53846018152763,0.0,0.0,142.53846018152763,0.0,0.0,142.53846018152763,74.14453981847237,1000.0,1000.0,0.0,2665.880494990443,0.00150299072265625,2,0.0
299060,2014-02-14 16:00:00,48,24,159.231,70.07177796945686,0.9693300577917857,0.5062903850066136,145.07177796945686,0.0,0.0,145.07177796945686,0.0,0.0,145.07177796945686,14.159222030543134,1000.0,1000.0,0.0,2665.880494990443,0.00150299072265625,2,0.0
299061,2014-02-14 17:00:00,48,24,114.88,73.6500571608092,0.5493817931161528,0.6796520555477323,148.65005716080918,0.0,0.0,114.88,0.0,0.0,114.88,0.0,1000.0,1000.0,0.0,2665.880494990443,0.00150299072265625,2,0.0
299062,2014-02-14 18:00:00,48,24,89.141,78.40299985618326,0.45081046050172563,0.6475797175143012,153.40299985618327,0.0,0.0,89.141,0.0,0.0,89.141,0.0,1000.0,1000.0,0.0,2665.880494990443,0.00150299072265625,2,0.0
299063,2014-02-14 19:00:00,48,24,61.015,84.564058020466,0.6663457705499927,0.6033625070047413,159.564058020466,0.0,0.0,61.015,0.0,0.0,61.015,0.0,1000.0,1000.0,0.0,2665.880494990443,0.00150299072265625,2,0.0
299064,2014-02-14 20:00:00,48,24,40.642,93.7922280410851,0.5672606769070901,0.5837378403645594,168.79222804108508,0.0,0.0,40.642,0.0,0.0,40.642,0.0,1000.0,1000.0,0.0,2665.880494990443,0.00150299072265625,2,0.0
299065,2014-02-14 21:00:00,48,24,37.843,102.2989673861229,0.6118460006493427,0.5110071132241784,177.2989673861229,0.0,0.0,37.843,0.0,0.0,37.843,0.0,1000.0,1000.0,0.0,2665.880494990443,0.00150299072265625,2,0.0
299066,2014-02-14 22:00:00,48,24,32.925,109.28044488667149,0.9450782538654073,0.7333019541842496,184.2804448866715,0.0,0.0,32.925,0.0,0.0,32.925,0.0,1000.0,1000.0,0.0,2665.880494990443,0.00150299072265625,2,0.0
299067,2014-02-14 23:00:00,48,24,13.736,115.78712627313824,0.7623665650808341,0.6911062271774746,190.78712627313826,0.0,0.0,13.736,0.0,0.0,13.736,0.0,1000.0,1000.0,0.0,2665.880494990443,0.00150299072265625,2,0.0
299068,2014-02-15 00:00:00,48,24,8.55,21.491035714892732,0.6820485909625436,0.7472639255621433,96.49103571489273,0.0,0.0,8.55,0.0,0.0,8.55,0.0,1000.0,1000.0,0.0,3158.6264456617646,0.001188039779663086,2,0.0
299069,2014-02-15 01:00:00,48,24,11.351,34.52791639722069,0.6100352784467614,0.7744375394000651,109.5279163972207,0.0,0.0,11.351,0.0,0.0,11.351,0.0,1000.0,1000.0,0.0,3158.6264456617646,0.001188039779663086,2,0.0
299070,2014-02-15 02:00:00,48,24,13.16,45.19900033491176,0.4630996243028526,0.7587984462599124,120.19900033491176,0.0,0.0,13.16,0.0,0.0,13.16,0.0,1000.0,1000.0,0.0,3158.6264456617646,0.001188039779663086,2,0.0
299071,2014-02-15 03:00:00,48,24,34.579,52.56459468533641,0.5079521037799124,0.6829924877211748,127.5645946853364,0.0,0.0,34.579,0.0,0.0,34.579,0.0,1000.0,1000.0,0.0,3158.6264456617646,0.001188039779663086,2,0.0
299072,2014-02-15 04:00:00,48,24,58.749,59.065068287298146,0.40355357941140196,0.6907646661098672,134.06506828729815,0.0,0.0,58.749,0.0,0.0,58.749,0.0,1000.0,1000.0,0.0,3158.6264456617646,0.001188039779663086,2,0.0
299073,2014-02-15 05:00:00,48,24,86.617,62.56083225174029,0.39639974251267823,0.8159255842012312,137.5608322517403,0.0,0.0,86.617,0.0,0.0,86.617,0.0,1000.0,1000.0,0.0,3158.6264456617646,0.001188039779663086,2,0.0
299074,2014-02-15 06:00:00,48,24,126.653,64.45123489179056,0.3797767190135693,0.7901894987375067,139.45123489179056,0.0,0.0,126.653,0.0,0.0,126.653,0.0,1000.0,1000.0,0.0,3158.6264456617646,0.001188039779663086,2,0.0
299075,2014-02-15 07:00:00,48,24,174.233,65.2367381834945,0.8018827800087982,0.6569141996327642,140.23673818349448,0.0,0.0,140.23673818349448,0.0,0.0,140.23673818349448,33.99626181650552,1000.0,1000.0,0.0,3158.6264456617646,0.001188039779663086,2,0.0
299076,2014-02-15 08:00:00,48,24,209.928,66.60032561599174,0.5475208365018983,0.8247585082965203,141.60032561599172,0.0,0.0,141.60032561599172,0.0,0.0,141.60032561599172,68.32767438400828,1000.0,1000.0,0.0,3158.6264456617646,0.001188039779663086,2,0.0
299077,2014-02-15 09:00:00,48,24,194.699,64.00353272122194,0.48800447558098176,0.7264935836658726,139.00353272122194,0.0,0.0,139.00353272122194,0.0,0.0,139.00353272122194,55.69546727877807,1000.0,1000.0,0.0,3158.6264456617646,0.001188039779663086,2,0.0
299078,2014-02-15 10:00:00,48,24,207.926,62.061499914158034,0.5651234310286333,0.7989762340137185,137.06149991415805,0.0,0.0,137.06149991415805,0.0,0.0,137.06149991415805,70.86450008584194,1000.0,1000.0,0.0,3158.6264456617646,0.001188039779663086,2,0.0
299079,2014-02-15 11:00:00,48,24,216.411,63.12800032949841,0.6091150753602035,0.8879168024350388,138.1280003294984,0.0,0.0,138.1280003294984,0.0,0.0,138.1280003294984,78.2829996705016,1000.0,1000.0,0.0,3158.6264456617646,0.001188039779663086,2,0.0
299080,2014-02-15 12:00:00,48,24,225.396,60.610814317978495,0.4729843864907156,0.8857126946343438,135.6108143179785,0.0,0.0,135.6108143179785,0.0,0.0,135.6108143179785,89.78518568202148,1000.0,1000.0,0.0,3158.6264456617646,0.001188039779663086,2,0.0
299081,2014-02-15 13:00:00,48,24,217.422,58.270756445387676,0.040845143454953214,1.0433693552366752,133.2707564453877,0.0,0.0,133.2707564453877,0.0,0.0,133.2707564453877,84.15124355461231,1000.0,1000.0,0.0,3158.6264456617646,0.001188039779663086,2,0.0
299082,2014-02-15 14:00:00,48,24,162.868,55.51266519770592,0.43982739140410027,1.0523520842069023,130.51266519770593,0.0,0.0,130.51266519770593,0.0,0.0,130.51266519770593,32.35533480229407,1000.0,1000.0,0.0,3158.6264456617646,0.001188039779663086,2,0.0
299083,2014-02-15 15:00:00,48,24,143.989,56.74401692059227,0.3810828137170709,1.027012959757208,131.7440169205923,0.0,0.0,131.7440169205923,0.0,0.0,131.7440169205923,12.244983079407717,1000.0,1000.0,0.0,3158.6264456617646,0.001188039779663086,2,0.0
299084,2014-02-15 16:00:00,48,24,100.045,59.7196305258917,0.5683886677873867,0.7617830963867459,134.71963052589172,0.0,0.0,100.045,0.0,0.0,100.045,0.0,1000.0,1000.0,0.0,3158.6264456617646,0.001188039779663086,2,0.0
299085,2014-02-15 17:00:00,48,24,66.43,62.693701855569635,0.2743095717058304,0.8505616812415407,137.69370185556963,0.0,0.0,66.43,0.0,0.0,66.43,0.0,1000.0,1000.0,0.0,3158.6264456617646,0.001188039779663086,2,0.0
299086,2014-02-15 18:00:00,48,24,40.925,66.87652051609777,0.144828092235986,0.7991408346643935,141.87652051609777,0.0,0.0,40.925,0.0,0.0,40.925,0.0,1000.0,1000.0,0.0,3158.6264456617646,0.001188039779663086,2,0.0
299087,2014-02-15 19:00:00,48,24,67.368,72.58413624610321,0.5312837046197331,0.7673792467087026,147.5841362461032,0.0,0.0,67.368,0.0,0.0,67.368,0.0,1000.0,1000.0,0.0,3158.6264456617646,0.001188039779663086,2,0.0
299088,2014-02-15 20:00:00,48,24,111.151,80.86946291691532,0.33207457836523374,0.7543814965294569,155.86946291691532,0.0,0.0,111.151,0.0,0.0,111.151,0.0,1000.0,1000.0,0.0,3158.6264456617646,0.001188039779663086,2,0.0
299089,2014-02-15 21:00:00,48,24,219.013,88.98251391797471,0.593293519065516,0.6208747413754085,163.9825139179747,0.0,0.0,163.9825139179747,0.0,0.0,163.9825139179747,55.030486082025305,1000.0,1000.0,0.0,3158.6264456617646,0.001188039779663086,2,0.0
299090,2014-02-15 22:00:00,48,24,227.03,97.99195094286819,0.5664295257321347,0.8023770207537392,172.9919509428682,0.0,0.0,172.9919509428682,0.0,0.0,172.9919509428682,54.038049057131815,1000.0,1000.0,0.0,3158.6264456617646,0.001188039779663086,2,0.0
299091,2014-02-15 23:00:00,48,24,227.415,105.19278412274623,0.583883700406199,0.8175353963567343,180.19278412274622,0.0,0.0,180.19278412274622,0.0,0.0,180.19278412274622,47.222215877253774,1000.0,1000.0,0.0,3158.6264456617646,0.001188039779663086,2,0.0
299092,2014-02-16 00:00:00,48,24,227.29,225.51455161943858,0.5979539024393733,0.5372694019785659,249.0,0.0,0.0,227.29,0.0,0.0,227.29,0.0,1000.0,1000.0,0.0,4970.805752591721,0.0015141963958740234,2,0.0
299093,2014-02-16 01:00:00,48,24,216.634,223.02383595744692,0.5380813338720472,0.5539736759176092,249.0,0.0,0.0,216.634,0.0,0.0,216.634,0.0,1000.0,1000.0,0.0,4970.805752591721,0.0015141963958740234,2,0.0
299094,2014-02-16 02:00:00,48,24,57.562,219.94056925530083,0.3907004201701267,0.5287010523368859,249.0,0.0,0.0,57.562,0.0,0.0,57.562,0.0,1000.0,1000.0,1.0,4970.805752591721,0.0015141963958740234,2,0.0
299095,2014-02-16 03:00:00,48,24,2.567,214.32517399075888,0.6162392282883931,0.5079335070120609,249.0,0.0,0.0,2.567,0.0,0.0,2.567,0.0,1000.0,1000.0,0.0,4970.805752591721,0.0015141963958740234,2,0.0
299096,2014-02-16 04:00:00,48,24,0.722,207.91001287304658,0.13995992106838984,0.501653352840743,249.0,0.0,0.0,0.722,0.0,0.0,0.722,0.0,1000.0,1000.0,0.0,4970.805752591721,0.0015141963958740234,2,0.0
299097,2014-02-16 05:00:00,48,24,1.018,200.22172620923345,0.03636286390430065,0.6104827006623674,249.0,0.0,0.0,1.018,0.0,0.0,1.018,0.0,1000.0,1000.0,0.0,4970.805752591721,0.0015141963958740234,2,0.0
299098,2014-02-16 06:00:00,48,24,1.304,190.00613517350365,0.30814929811473063,0.6887240716390275,249.0,0.0,0.0,1.304,0.0,0.0,1.304,0.0,1000.0,1000.0,0.0,4970.805752591721,0.0015141963958740234,2,0.0
299099,2014-02-16 07:00:00,48,24,0.924,178.9530897630838,0.5717429564577428,0.5291884266974436,249.0,0.0,0.0,0.924,0.0,0.0,0.924,0.0,1000.0,1000.0,0.0,4970.805752591721,0.0015141963958740234,2,0.0
299100,2014-02-16 08:00:00,48,24,0.849,171.03074982019976,0.6811877558170542,0.7066761329253961,246.03074982019976,0.0,0.0,0.849,0.0,0.0,0.849,0.0,1000.0,1000.0,0.0,4970.805752591721,0.0015141963958740234,2,0.0
299101,2014-02-16 09:00:00,48,24,0.556,162.77724817821158,0.18971025568357996,0.5938179205732554,237.77724817821158,0.0,0.0,0.556,0.0,0.0,0.556,0.0,1000.0,1000.0,0.0,4970.805752591721,0.0015141963958740234,2,0.0
299102,2014-02-16 10:00:00,48,24,0.027,153.197766114115,0.5201522156694369,0.6756316609418961,228.197766114115,0.0,0.0,0.027,0.0,0.0,0.027,0.0,1000.0,1000.0,0.0,4970.805752591721,0.0015141963958740234,2,0.0
299103,2014-02-16 11:00:00,48,24,0.077,147.306777367213,0.611638212855604,0.8291595805545304,222.306777367213,0.0,0.0,0.077,0.0,0.0,0.077,0.0,1000.0,1000.0,0.0,4970.805752591721,0.0015141963958740234,2,0.0
299104,2014-02-16 12:00:00,48,24,0.028,140.0064562493625,0.532946006969644,0.7864926829210706,215.0064562493625,0.0,0.0,0.028,0.0,0.0,0.028,0.0,1000.0,1000.0,0.0,4970.805752591721,0.0015141963958740234,2,0.0
299105,2014-02-16 13:00:00,48,24,0.115,129.75860349374688,0.17228576498004977,0.9470357250414447,204.75860349374688,0.0,0.0,0.115,0.0,0.0,0.115,0.0,1000.0,1000.0,0.0,4970.805752591721,0.0015141963958740234,2,0.0
299106,2014-02-16 14:00:00,48,24,3.259,120.13661709855464,0.27902932302075606,0.9756189080405763,195.13661709855464,0.0,0.0,3.259,0.0,0.0,3.259,0.0,1000.0,1000.0,0.0,4970.805752591721,0.0015141963958740234,2,0.0
299107,2014-02-16 15:00:00,48,24,8.278,112.02294069944253,0.3525565180337788,0.9798479954131014,187.02294069944253,0.0,0.0,8.278,0.0,0.0,8.278,0.0,1000.0,1000.0,0.0,4970.805752591721,0.0015141963958740234,2,0.0
299108,2014-02-16 16:00:00,48,24,16.056,109.94523401202898,0.5560698200157258,0.7484665226320998,184.94523401202898,0.0,0.0,16.056,0.0,0.0,16.056,0.0,1000.0,1000.0,0.0,4970.805752591721,0.0015141963958740234,2,0.0
299109,2014-02-16 17:00:00,48,24,25.173,109.18008085404415,0.23949027426930417,0.8830378155917779,184.18008085404415,0.0,0.0,25.173,0.0,0.0,25.173,0.0,1000.0,1000.0,0.0,4970.805752591721,0.0015141963958740234,2,0.0
299110,2014-02-16 18:00:00,48,24,56.473,111.859349349015,0.1868012265712359,0.8768948549250482,186.85934934901502,0.0,0.0,56.473,0.0,0.0,56.473,0.0,1000.0,1000.0,0.0,4970.805752591721,0.0015141963958740234,2,0.0
299111,2014-02-16 19:00:00,48,24,97.695,121.24855580398693,0.6216120269550692,0.8087544175534195,196.24855580398693,0.0,0.0,97.695,0.0,0.0,97.695,0.0,1000.0,1000.0,0.0,4970.805752591721,0.0015141963958740234,2,0.0
299112,2014-02-16 20:00:00,48,24,149.843,130.28074511008123,0.07605033250842307,0.8048044029721231,205.28074511008123,0.0,0.0,149.843,0.0,0.0,149.843,0.0,1000.0,1000.0,0.0,4970.805752591721,0.0015141963958740234,2,0.0
299113,2014-02-16 21:00:00,48,24,201.938,140.49174898623312,0.4704909329658493,0.6865553979873548,215.49174898623312,0.0,0.0,201.938,0.0,0.0,201.938,0.0,1000.0,1000.0,0.0,4970.805752591721,0.0015141963958740234,2,0.0
299114,2014-02-16 22:00:00,48,24,203.727,147.07102007644096,0.5498361862035601,0.875189338678302,222.07102007644096,0.0,0.0,203.727,0.0,0.0,203.727,0.0,1000.0,1000.0,0.0,4970.805752591721,0.0015141963958740234,2,0.0
299115,2014-02-16 23:00:00,48,24,204.182,151.71698710059772,0.471856395610419,0.918856100205359,226.71698710059772,0.0,0.0,204.182,0.0,0.0,204.182,0.0,1000.0,1000.0,0.0,4970.805752591721,0.0015141963958740234,2,0.0
299116,2014-02-17 00:00:00,48,24,193.443,197.2643842407967,0.5978054825867026,0.4716245758833443,249.0,0.0,0.0,193.443,0.0,0.0,193.443,0.0,1000.0,1000.0,0.0,4053.3688859866074,0.0013380050659179688,2,0.0
299117,2014-02-17 01:00:00,48,24,186.05,186.43186276409875,0.32524726514238544,0.4983527162564503,249.0,0.0,0.0,186.05,0.0,0.0,186.05,0.0,1000.0,1000.0,0.0,4053.3688859866074,0.0013380050659179688,2,0.0
299118,2014-02-17 02:00:00,48,24,192.089,175.75011292147934,0.47449826898795583,0.4489404957870833,249.0,0.0,0.0,192.089,0.0,0.0,192.089,0.0,1000.0,1000.0,1.0,4053.3688859866074,0.0013380050659179688,2,0.0
299119,2014-02-17 03:00:00,48,24,194.226,161.80999127503515,0.8475823943372548,0.4622392743928908,236.80999127503515,0.0,0.0,194.226,0.0,0.0,194.226,0.0,1000.0,1000.0,0.0,4053.3688859866074,0.0013380050659179688,2,0.0
299120,2014-02-17 04:00:00,48,24,187.701,148.37566872166738,0.28363033845354507,0.4227631518099161,223.37566872166738,0.0,0.0,187.701,0.0,0.0,187.701,0.0,1000.0,1000.0,0.0,4053.3688859866074,0.0013380050659179688,2,0.0
299121,2014-02-17 05:00:00,48,24,168.905,135.63148639554157,0.14358136547355282,0.5926886999422137,210.63148639554157,0.0,0.0,168.905,0.0,0.0,168.905,0.0,1000.0,1000.0,0.0,4053.3688859866074,0.0013380050659179688,2,0.0
299122,2014-02-17 06:00:00,48,24,138.882,124.54377835565597,0.3932532416360612,0.6175474406160238,199.54377835565597,0.0,0.0,138.882,0.0,0.0,138.882,0.0,1000.0,1000.0,0.0,4053.3688859866074,0.0013380050659179688,2,0.0
299123,2014-02-17 07:00:00,48,24,177.839,117.21515937781965,0.5091394626012773,0.44633429527816915,192.21515937781965,0.0,0.0,177.839,0.0,0.0,177.839,0.0,1000.0,1000.0,0.0,4053.3688859866074,0.0013380050659179688,2,0.0
299124,2014-02-17 08:00:00,48,24,202.366,111.01099839950527,0.6222353903362859,0.6833323005518526,186.01099839950527,0.0,0.0,186.01099839950527,0.0,0.0,186.01099839950527,16.355001600494745,1000.0,1000.0,0.0,4053.3688859866074,0.0013380050659179688,2,0.0
299125,2014-02-17 09:00:00,48,24,202.244,106.4531141601085,0.2401136376505208,0.5219272743061975,181.4531141601085,0.0,0.0,181.4531141601085,0.0,0.0,181.4531141601085,20.7908858398915,1000.0,1000.0,0.0,4053.3688859866074,0.0013380050659179688,2,0.0
299126,2014-02-17 10:00:00,48,24,203.538,103.37839682079678,0.4526211827043073,0.6628500490482309,178.37839682079678,0.0,0.0,178.37839682079678,0.0,0.0,178.37839682079678,25.15960317920323,1000.0,1000.0,0.0,4053.3688859866074,0.0013380050659179688,2,0.0
299127,2014-02-17 11:00:00,48,24,203.367,101.23388851092807,0.6013972430213317,0.7747086368784726,176.23388851092807,0.0,0.0,176.23388851092807,0.0,0.0,176.23388851092807,27.133111489071922,1000.0,1000.0,0.0,4053.3688859866074,0.0013380050659179688,2,0.0
299128,2014-02-17 12:00:00,48,24,187.829,100.58510079482738,0.3717917309398903,0.7576480078002273,175.58510079482738,0.0,0.0,175.58510079482738,0.0,0.0,175.58510079482738,12.243899205172625,1000.0,1000.0,0.0,4053.3688859866074,0.0013380050659179688,2,0.0
299129,2014-02-17 13:00:00,48,24,141.736,97.03374142535087,0.28012762993051854,0.8955864180354255,172.03374142535085,0.0,0.0,141.736,0.0,0.0,141.736,0.0,1000.0,1000.0,0.0,4053.3688859866074,0.0013380050659179688,2,0.0
299130,2014-02-17 14:00:00,48,24,106.959,94.82412399525279,0.580024784236763,0.9177477192845662,169.8241239952528,0.0,0.0,106.959,0.0,0.0,106.959,0.0,1000.0,1000.0,0.0,4053.3688859866074,0.0013380050659179688,2,0.0
299131,2014-02-17 15:00:00,48,24,58.845,93.74920085532285,0.37464139211116615,0.9421983402942612,168.74920085532284,0.0,0.0,58.845,0.0,0.0,58.845,0.0,1000.0,1000.0,0.0,4053.3688859866074,0.0013380050659179688,2,0.0
299132,2014-02-17 16:00:00,48,24,27.046,95.67343906816382,0.5072693724576276,0.6819063795910173,170.67343906816382,0.0,0.0,27.046,0.0,0.0,27.046,0.0,1000.0,1000.0,0.0,4053.3688859866074,0.0013380050659179688,2,0.0
299133,2014-02-17 17:00:00,48,24,11.627,102.83531210127313,0.4063141886710753,0.8680792818827847,177.83531210127313,0.0,0.0,11.627,0.0,0.0,11.627,0.0,1000.0,1000.0,0.0,4053.3688859866074,0.0013380050659179688,2,0.0
299134,2014-02-17 18:00:00,48,24,12.261,110.24970512655884,0.35834489228793265,0.8463956117370895,185.24970512655884,0.0,0.0,12.261,0.0,0.0,12.261,0.0,1000.0,1000.0,0.0,4053.3688859866074,0.0013380050659179688,2,0.0
299135,2014-02-17 19:00:00,48,24,12.833,118.13285438146792,0.4021584327962981,0.7478270070372681,193.13285438146792,0.0,0.0,12.833,0.0,0.0,12.833,0.0,1000.0,1000.0,0.0,4053.3688859866074,0.0013380050659179688,2,0.0
299136,2014-02-17 20:00:00,48,24,12.854,125.59136892369433,0.549865870174094,0.75701561689494,200.59136892369435,0.0,0.0,12.854,0.0,0.0,12.854,0.0,1000.0,1000.0,0.0,4053.3688859866074,0.0013380050659179688,2,0.0
299137,2014-02-17 21:00:00,48,24,8.763,133.40164172193062,0.5978351665572368,0.6403170525105548,208.40164172193062,0.0,0.0,8.763,0.0,0.0,8.763,0.0,1000.0,1000.0,0.0,4053.3688859866074,0.0013380050659179688,2,0.0
299138,2014-02-17 22:00:00,48,24,0.511,137.62478970824625,0.5368939750506824,0.8472963552155465,212.62478970824625,0.0,0.0,0.511,0.0,0.0,0.511,0.0,1000.0,1000.0,0.0,4053.3688859866074,0.0013380050659179688,2,0.0
299139,2014-02-17 23:00:00,48,24,9.763,140.25222415059358,0.5783921658573862,0.8732500302406053,215.25222415059358,0.0,0.0,9.763,0.0,0.0,9.763,0.0,1000.0,1000.0,0.0,4053.3688859866074,0.0013380050659179688,2,0.0
